id	name	weeks	first	last	span_mon	n_trades	netto_csv	netto_db	netto_fx
2000028		None	2023-07-20	2026-09-29	38.3	3296	13406.59	None	None
2000892		None	2022-12-21	2026-09-16	44.8	1927	5773.4	None	None
2005451		None	2023-01-30	2026-09-16	43.5	2230	3795.8	None	None
2007510		None	2024-08-29	2026-09-28	25.0	2716	5535.71	None	None
2012139		None	2024-12-09	2026-09-28	21.6	2338	3178.02	None	None
2014074		None	2022-12-08	2026-09-28	45.6	15340	64537.45	None	None
2014076		None	2024-12-17	2026-09-28	21.4	2012	5691.08	None	None
2014626		None	2025-01-15	2026-09-29	20.4	1294	666.25	None	None
2016702		None	2025-01-31	2026-09-25	19.7	490	574.44	None	None
2019075		None	2025-03-05	2026-09-23	18.6	3232	1055.75	None	None
2019435		None	2025-03-11	2026-09-28	18.6	283	177.02	None	None
2021443		None	2025-04-09	2026-09-29	17.6	959	4874.45	None	None
2039057		None	2025-08-29	2026-09-24	12.8	287	116.19	None	None
2041033		None	2025-09-08	2026-09-29	12.7	1580	4423.78	None	None
2041912		None	2025-09-16	2026-09-23	12.2	201	550.12	None	None
2041931		None	2025-09-18	2026-09-28	12.3	74	415.35	None	None
2048284		None	2025-10-15	2026-09-23	11.2	381	540.23	None	None
2048285		None	2025-10-15	2026-09-28	11.4	675	568.03	None	None
2049613		None	2025-10-21	2026-09-28	11.2	341	148.63	None	None
2052727		None	2025-11-12	2026-09-29	10.5	1469	1154.38	None	None
2053240		None	2025-11-11	2026-09-28	10.5	101	2981.24	None	None
2054437		None	2025-11-21	2026-06-24	7.0	2158	726.07	None	None
2059368		None	2025-12-22	2026-08-03	7.4	2457	813.79	None	None
2059824		None	2025-12-26	2026-09-29	9.1	937	106126.86	None	None
2063644		None	2026-01-19	2026-09-22	8.1	5541	10140.81	None	None
2064854		None	2026-01-25	2026-09-29	8.1	1257	1524.86	None	None
2065185		None	2026-01-28	2026-09-28	8.0	1325	4747.57	None	None
2072334		None	2026-03-07	2026-09-24	6.6	464	1041.7	None	None
2074880		None	2026-03-20	2026-09-22	6.1	882	515.49	None	None
2084818		None	2026-07-01	2026-09-29	2.9	753	848.47	None	None
