id	name	quelle	ampel	netto	dd_usd	mon	n	kb_prod	kb_quelle_prod	webbal	implizit	end_bal	mon_dd	ertrag_10k	ertrag_impl	dd%_10k	dd%_impl	eq_dd_prod
2265877	Gold Reaper New V2	mql5	🟡	5229	319	24	879	1615.05	csv_einzahlungen	6903	1674	6744	7.18	2.18	13.02	3.19	19.09	15.94
2339082	GoldWave signal	mql5	🟡	379	23	17	296	50.0	csv_einzahlungen	429	50	429	17.52	0.22	44.55	0.23	45.36	8.05
2349227	Gold Spike	mql5	🟢	2878	157	11	392	3116.0	csv_einzahlungen	2410	-	2354	3.8	2.62	-	1.57	-	4.57
2329290	Precise Pair Tradi	mql5	🟡	1189	278	13	882	224.79	csv_einzahlungen	1417	227	1417	21.22	0.91	40.27	2.78	122.48	24.02
2379236	EURUSD Night Scalp	mql5	🟡	2388	1	9	296	2000.0	csv_einzahlungen	5321	2933	5288	6.84	2.65	9.05	0.01	0.03	0.04
2362349	Combo Profile 2026	mql5	🟡	959	36	9	776	120.0	csv_einzahlungen	1230	271	1228	19.34	1.07	39.38	0.36	13.42	3.88
2362868	Pure Gold 2000 Van	mql5	🟡	28275	2330	7	667	10000.0	csv_einzahlungen	30134	1859	26275	6.84	40.39	217.33	23.30	125.35	11.91
2000028	Lexo	pelik	🟢	13407	753	39	3296	10000.0	virtuelle_annahme	32147	18740	23407	0.78	3.44	1.83	7.53	4.02	0.27
2014074	The Holy Grail	pelik	🟡	64537	6104	46	15340	10000.0	virtuelle_annahme	99340	34802	74537	12.55	14.03	4.03	61.04	17.54	16.0
2063644	🍋 Lemonal 🍋 t.me/l	pelik	🟢	10141	718	9	5541	10000.0	virtuelle_annahme	14544	4403	20141	8.56	11.27	25.59	7.18	16.30	2.37
2014076	PentagonForex	pelik	🟢	5691	26	22	2012	10000.0	virtuelle_annahme	29557	23866	15691	7.22	2.59	1.08	0.26	0.11	0.21
2059368	gemslime	pelik	🟡	814	125	9	2457	10000.0	virtuelle_annahme	9923	9110	10814	11.25	0.90	0.99	1.25	1.37	1.22
2084818	AccurateCopier	pelik	🟢	848	302	3	753	10000.0	virtuelle_annahme	5227	4378	10848	16.77	2.83	6.46	3.02	6.89	2.89
2072334	GOLD Tokyo Scalpin	pelik	🟡	1042	253	7	464	10000.0	virtuelle_annahme	2847	1805	11042	14.45	1.49	8.24	2.53	14.02	2.38
2039057	Master H4-2	pelik	🟡	116	307	11	287	10000.0	virtuelle_annahme	1703	1587	10116	13.18	0.11	0.67	3.07	19.37	2.99
2016702	Master H4-1	pelik	🟡	574	204	21	490	10000.0	virtuelle_annahme	1750	1176	10574	20.52	0.27	2.33	2.04	17.33	1.96
2048285	SafeGold	pelik	🟢	568	191	12	675	10000.0	virtuelle_annahme	998	430	10568	15.34	0.47	11.00	1.91	44.45	1.78
2048284	ImpulseNet	pelik	🟡	540	30	12	381	10000.0	virtuelle_annahme	898	357	10540	1.55	0.45	12.60	0.30	8.53	0.0
2012139	Grid King $1000	pelik	🟡	3178	146	22	2338	10000.0	virtuelle_annahme	3477	299	13178	3.94	1.44	48.32	1.46	48.90	1.15
2049613	MicroJump	pelik	🟡	149	17	12	341	10000.0	virtuelle_annahme	530	381	10149	1.57	0.12	3.25	0.17	4.55	0.1
2054437	TKG	pelik	🟡	726	126	8	2158	10000.0	virtuelle_annahme	63880	63154	10726	1.18	0.91	0.14	1.26	0.20	1.23
2053240	HRC Algo	pelik	🟡	2981	56	11	101	10000.0	virtuelle_annahme	4695	1714	12981	12.85	2.71	15.81	0.56	3.25	0.43
2052727	💎t.me/Mr_Profit_FX	pelik	🟢	1154	68	11	1469	10000.0	virtuelle_annahme	4437	3283	11154	2.16	1.05	3.20	0.68	2.08	0.66
