r,n_monate,id_a,name_a,quelle_a,ampel_a,id_b,name_b,quelle_b,ampel_b
0.9872,7,2054437,TKG,pelik,🟡,2059368,gemslime,pelik,🟡
0.9268,8,2059368,gemslime,pelik,🟡,2063644,🍋 Lemonal 🍋 t.me/lemonal1,pelik,🟢
0.9013,6,2054437,TKG,pelik,🟡,2063644,🍋 Lemonal 🍋 t.me/lemonal1,pelik,🟢
0.8695,7,2265877,Gold Reaper New V2 2,mql5,🟡,2362868,Pure Gold 2000 Vantage,mql5,🟡
0.8480,9,2049613,MicroJump,pelik,🟡,2063644,🍋 Lemonal 🍋 t.me/lemonal1,pelik,🟢
0.8464,9,2049613,MicroJump,pelik,🟡,2059368,gemslime,pelik,🟡
0.8329,6,2039057,Master H4-2,pelik,🟡,2379236,EURUSD Night Scalper AI,mql5,🟡
0.7931,9,2014076,PentagonForex,pelik,🟢,2063644,🍋 Lemonal 🍋 t.me/lemonal1,pelik,🟢
0.7919,9,2014074,The Holy Grail,pelik,🟡,2379236,EURUSD Night Scalper AI,mql5,🟡
0.7810,7,2012139,Grid King $1000,pelik,🟡,2362868,Pure Gold 2000 Vantage,mql5,🟡
0.7780,11,2265877,Gold Reaper New V2 2,mql5,🟡,2349227,Gold Spike,mql5,🟢
0.7186,7,2072334,GOLD Tokyo Scalping,pelik,🟡,2349227,Gold Spike,mql5,🟢
0.7113,11,2014074,The Holy Grail,pelik,🟡,2052727,💎t.me/Mr_Profit_FX,pelik,🟢
0.7008,11,2048285,SafeGold,pelik,🟢,2349227,Gold Spike,mql5,🟢
0.6873,7,2349227,Gold Spike,mql5,🟢,2362868,Pure Gold 2000 Vantage,mql5,🟡
0.6793,11,2000028,Lexo,pelik,🟢,2052727,💎t.me/Mr_Profit_FX,pelik,🟢
0.6595,11,2339082,GoldWave signal,mql5,🟡,2349227,Gold Spike,mql5,🟢
0.6515,8,2049613,MicroJump,pelik,🟡,2054437,TKG,pelik,🟡
0.6447,8,2052727,💎t.me/Mr_Profit_FX,pelik,🟢,2054437,TKG,pelik,🟡
0.6374,9,2053240,HRC Algo,pelik,🟡,2063644,🍋 Lemonal 🍋 t.me/lemonal1,pelik,🟢
0.6367,6,2059368,gemslime,pelik,🟡,2072334,GOLD Tokyo Scalping,pelik,🟡
0.6298,9,2014074,The Holy Grail,pelik,🟡,2362349,Combo Profile 2026,mql5,🟡
0.6151,9,2016702,Master H4-1,pelik,🟡,2063644,🍋 Lemonal 🍋 t.me/lemonal1,pelik,🟢
0.6105,39,2000028,Lexo,pelik,🟢,2014074,The Holy Grail,pelik,🟡
0.6097,9,2000028,Lexo,pelik,🟢,2059368,gemslime,pelik,🟡
0.5597,11,2016702,Master H4-1,pelik,🟡,2053240,HRC Algo,pelik,🟡
0.5470,8,2048284,ImpulseNet,pelik,🟡,2054437,TKG,pelik,🟡
0.5421,9,2012139,Grid King $1000,pelik,🟡,2362349,Combo Profile 2026,mql5,🟡
0.5417,13,2265877,Gold Reaper New V2 2,mql5,🟡,2329290,Precise Pair Trading Pro,mql5,🟡
0.5220,7,2049613,MicroJump,pelik,🟡,2072334,GOLD Tokyo Scalping,pelik,🟡
0.5183,9,2059368,gemslime,pelik,🟡,2339082,GoldWave signal,mql5,🟡
0.5174,9,2012139,Grid King $1000,pelik,🟡,2379236,EURUSD Night Scalper AI,mql5,🟡
0.5144,7,2362868,Pure Gold 2000 Vantage,mql5,🟡,2379236,EURUSD Night Scalper AI,mql5,🟡
0.5071,12,2048285,SafeGold,pelik,🟢,2339082,GoldWave signal,mql5,🟡
0.5070,8,2054437,TKG,pelik,🟡,2339082,GoldWave signal,mql5,🟡
0.5061,12,2000028,Lexo,pelik,🟢,2049613,MicroJump,pelik,🟡
0.5055,7,2048285,SafeGold,pelik,🟢,2072334,GOLD Tokyo Scalping,pelik,🟡
0.5013,8,2000028,Lexo,pelik,🟢,2054437,TKG,pelik,🟡
0.4907,7,2329290,Precise Pair Trading Pro,mql5,🟡,2362868,Pure Gold 2000 Vantage,mql5,🟡
0.4823,7,2048285,SafeGold,pelik,🟢,2362868,Pure Gold 2000 Vantage,mql5,🟡
0.4734,9,2052727,💎t.me/Mr_Profit_FX,pelik,🟢,2362349,Combo Profile 2026,mql5,🟡
0.4720,7,2072334,GOLD Tokyo Scalping,pelik,🟡,2339082,GoldWave signal,mql5,🟡
0.4716,9,2052727,💎t.me/Mr_Profit_FX,pelik,🟢,2059368,gemslime,pelik,🟡
0.4710,11,2012139,Grid King $1000,pelik,🟡,2349227,Gold Spike,mql5,🟢
0.4512,9,2063644,🍋 Lemonal 🍋 t.me/lemonal1,pelik,🟢,2339082,GoldWave signal,mql5,🟡
0.4463,6,2039057,Master H4-2,pelik,🟡,2362349,Combo Profile 2026,mql5,🟡
0.4435,9,2000028,Lexo,pelik,🟢,2063644,🍋 Lemonal 🍋 t.me/lemonal1,pelik,🟢
0.4357,12,2048284,ImpulseNet,pelik,🟡,2049613,MicroJump,pelik,🟡
0.4268,11,2329290,Precise Pair Trading Pro,mql5,🟡,2349227,Gold Spike,mql5,🟢
0.4162,11,2053240,HRC Algo,pelik,🟡,2329290,Precise Pair Trading Pro,mql5,🟡
0.4079,12,2012139,Grid King $1000,pelik,🟡,2048285,SafeGold,pelik,🟢
0.4030,7,2014074,The Holy Grail,pelik,🟡,2362868,Pure Gold 2000 Vantage,mql5,🟡
0.3885,8,2014074,The Holy Grail,pelik,🟡,2054437,TKG,pelik,🟡
0.3828,12,2048285,SafeGold,pelik,🟢,2265877,Gold Reaper New V2 2,mql5,🟡
0.3691,7,2014074,The Holy Grail,pelik,🟡,2072334,GOLD Tokyo Scalping,pelik,🟡
0.3590,9,2048284,ImpulseNet,pelik,🟡,2063644,🍋 Lemonal 🍋 t.me/lemonal1,pelik,🟢
0.3589,12,2048285,SafeGold,pelik,🟢,2329290,Precise Pair Trading Pro,mql5,🟡
0.3564,7,2339082,GoldWave signal,mql5,🟡,2362868,Pure Gold 2000 Vantage,mql5,🟡
0.3552,7,2072334,GOLD Tokyo Scalping,pelik,🟡,2362868,Pure Gold 2000 Vantage,mql5,🟡
0.3483,13,2014074,The Holy Grail,pelik,🟡,2329290,Precise Pair Trading Pro,mql5,🟡
0.3470,8,2016702,Master H4-1,pelik,🟡,2054437,TKG,pelik,🟡
0.3469,9,2053240,HRC Algo,pelik,🟡,2059368,gemslime,pelik,🟡
0.3457,11,2052727,💎t.me/Mr_Profit_FX,pelik,🟢,2349227,Gold Spike,mql5,🟢
0.3455,9,2053240,HRC Algo,pelik,🟡,2379236,EURUSD Night Scalper AI,mql5,🟡
0.3441,13,2000028,Lexo,pelik,🟢,2329290,Precise Pair Trading Pro,mql5,🟡
0.3416,7,2052727,💎t.me/Mr_Profit_FX,pelik,🟢,2072334,GOLD Tokyo Scalping,pelik,🟡
0.3396,11,2000028,Lexo,pelik,🟢,2053240,HRC Algo,pelik,🟡
0.3305,7,2048284,ImpulseNet,pelik,🟡,2072334,GOLD Tokyo Scalping,pelik,🟡
0.3180,7,2063644,🍋 Lemonal 🍋 t.me/lemonal1,pelik,🟢,2072334,GOLD Tokyo Scalping,pelik,🟡
0.3154,12,2014074,The Holy Grail,pelik,🟡,2048284,ImpulseNet,pelik,🟡
0.3098,9,2362349,Combo Profile 2026,mql5,🟡,2379236,EURUSD Night Scalper AI,mql5,🟡
0.2977,11,2014076,PentagonForex,pelik,🟢,2039057,Master H4-2,pelik,🟡
0.2896,9,2000028,Lexo,pelik,🟢,2362349,Combo Profile 2026,mql5,🟡
0.2894,17,2000028,Lexo,pelik,🟢,2339082,GoldWave signal,mql5,🟡
0.2855,11,2052727,💎t.me/Mr_Profit_FX,pelik,🟢,2265877,Gold Reaper New V2 2,mql5,🟡
0.2802,9,2329290,Precise Pair Trading Pro,mql5,🟡,2362349,Combo Profile 2026,mql5,🟡
0.2790,8,2054437,TKG,pelik,🟡,2349227,Gold Spike,mql5,🟢
0.2747,9,2016702,Master H4-1,pelik,🟡,2059368,gemslime,pelik,🟡
0.2652,9,2059368,gemslime,pelik,🟡,2349227,Gold Spike,mql5,🟢
0.2650,11,2016702,Master H4-1,pelik,🟡,2039057,Master H4-2,pelik,🟡
0.2587,9,2349227,Gold Spike,mql5,🟢,2362349,Combo Profile 2026,mql5,🟡
0.2576,7,2072334,GOLD Tokyo Scalping,pelik,🟡,2265877,Gold Reaper New V2 2,mql5,🟡
0.2509,17,2016702,Master H4-1,pelik,🟡,2339082,GoldWave signal,mql5,🟡
0.2507,13,2012139,Grid King $1000,pelik,🟡,2329290,Precise Pair Trading Pro,mql5,🟡
0.2505,9,2048284,ImpulseNet,pelik,🟡,2362349,Combo Profile 2026,mql5,🟡
0.2497,11,2049613,MicroJump,pelik,🟡,2053240,HRC Algo,pelik,🟡
0.2475,7,2016702,Master H4-1,pelik,🟡,2072334,GOLD Tokyo Scalping,pelik,🟡
0.2403,11,2049613,MicroJump,pelik,🟡,2349227,Gold Spike,mql5,🟢
0.2392,24,2014074,The Holy Grail,pelik,🟡,2265877,Gold Reaper New V2 2,mql5,🟡
0.2308,9,2048285,SafeGold,pelik,🟢,2059368,gemslime,pelik,🟡
0.2306,9,2014074,The Holy Grail,pelik,🟡,2059368,gemslime,pelik,🟡
0.2261,12,2048285,SafeGold,pelik,🟢,2049613,MicroJump,pelik,🟡
0.2235,9,2048284,ImpulseNet,pelik,🟡,2059368,gemslime,pelik,🟡
0.2162,12,2000028,Lexo,pelik,🟢,2048285,SafeGold,pelik,🟢
0.2155,8,2053240,HRC Algo,pelik,🟡,2054437,TKG,pelik,🟡
0.2073,24,2000028,Lexo,pelik,🟢,2265877,Gold Reaper New V2 2,mql5,🟡
0.2035,17,2014074,The Holy Grail,pelik,🟡,2339082,GoldWave signal,mql5,🟡
0.2019,21,2012139,Grid King $1000,pelik,🟡,2016702,Master H4-1,pelik,🟡
0.1938,11,2012139,Grid King $1000,pelik,🟡,2052727,💎t.me/Mr_Profit_FX,pelik,🟢
0.1937,7,2000028,Lexo,pelik,🟢,2072334,GOLD Tokyo Scalping,pelik,🟡
0.1897,21,2014076,PentagonForex,pelik,🟢,2016702,Master H4-1,pelik,🟡
0.1745,8,2039057,Master H4-2,pelik,🟡,2052727,💎t.me/Mr_Profit_FX,pelik,🟢
0.1723,11,2014074,The Holy Grail,pelik,🟡,2039057,Master H4-2,pelik,🟡
0.1710,7,2052727,💎t.me/Mr_Profit_FX,pelik,🟢,2362868,Pure Gold 2000 Vantage,mql5,🟡
0.1633,11,2014074,The Holy Grail,pelik,🟡,2349227,Gold Spike,mql5,🟢
0.1630,9,2265877,Gold Reaper New V2 2,mql5,🟡,2362349,Combo Profile 2026,mql5,🟡
0.1591,11,2014074,The Holy Grail,pelik,🟡,2053240,HRC Algo,pelik,🟡
0.1588,9,2059368,gemslime,pelik,🟡,2329290,Precise Pair Trading Pro,mql5,🟡
0.1516,12,2014074,The Holy Grail,pelik,🟡,2049613,MicroJump,pelik,🟡
0.1452,11,2048285,SafeGold,pelik,🟢,2052727,💎t.me/Mr_Profit_FX,pelik,🟢
0.1433,9,2063644,🍋 Lemonal 🍋 t.me/lemonal1,pelik,🟢,2329290,Precise Pair Trading Pro,mql5,🟡
0.1389,11,2012139,Grid King $1000,pelik,🟡,2039057,Master H4-2,pelik,🟡
0.1343,12,2016702,Master H4-1,pelik,🟡,2049613,MicroJump,pelik,🟡
0.1337,11,2039057,Master H4-2,pelik,🟡,2339082,GoldWave signal,mql5,🟡
0.1316,8,2054437,TKG,pelik,🟡,2329290,Precise Pair Trading Pro,mql5,🟡
0.1313,11,2052727,💎t.me/Mr_Profit_FX,pelik,🟢,2329290,Precise Pair Trading Pro,mql5,🟡
0.1138,9,2052727,💎t.me/Mr_Profit_FX,pelik,🟢,2379236,EURUSD Night Scalper AI,mql5,🟡
0.1055,7,2014076,PentagonForex,pelik,🟢,2072334,GOLD Tokyo Scalping,pelik,🟡
0.0911,13,2329290,Precise Pair Trading Pro,mql5,🟡,2339082,GoldWave signal,mql5,🟡
0.0865,12,2049613,MicroJump,pelik,🟡,2339082,GoldWave signal,mql5,🟡
0.0760,9,2329290,Precise Pair Trading Pro,mql5,🟡,2379236,EURUSD Night Scalper AI,mql5,🟡
0.0756,22,2012139,Grid King $1000,pelik,🟡,2265877,Gold Reaper New V2 2,mql5,🟡
0.0663,12,2000028,Lexo,pelik,🟢,2048284,ImpulseNet,pelik,🟡
0.0655,9,2016702,Master H4-1,pelik,🟡,2379236,EURUSD Night Scalper AI,mql5,🟡
0.0642,11,2049613,MicroJump,pelik,🟡,2052727,💎t.me/Mr_Profit_FX,pelik,🟢
0.0628,11,2000028,Lexo,pelik,🟢,2349227,Gold Spike,mql5,🟢
0.0627,9,2000028,Lexo,pelik,🟢,2379236,EURUSD Night Scalper AI,mql5,🟡
0.0570,11,2014076,PentagonForex,pelik,🟢,2053240,HRC Algo,pelik,🟡
0.0570,11,2053240,HRC Algo,pelik,🟡,2339082,GoldWave signal,mql5,🟡
0.0550,6,2039057,Master H4-2,pelik,🟡,2063644,🍋 Lemonal 🍋 t.me/lemonal1,pelik,🟢
0.0470,12,2049613,MicroJump,pelik,🟡,2329290,Precise Pair Trading Pro,mql5,🟡
0.0449,9,2014076,PentagonForex,pelik,🟢,2362349,Combo Profile 2026,mql5,🟡
0.0447,11,2000028,Lexo,pelik,🟢,2039057,Master H4-2,pelik,🟡
0.0444,17,2265877,Gold Reaper New V2 2,mql5,🟡,2339082,GoldWave signal,mql5,🟡
0.0411,11,2048284,ImpulseNet,pelik,🟡,2052727,💎t.me/Mr_Profit_FX,pelik,🟢
0.0358,9,2014076,PentagonForex,pelik,🟢,2379236,EURUSD Night Scalper AI,mql5,🟡
0.0331,9,2339082,GoldWave signal,mql5,🟡,2362349,Combo Profile 2026,mql5,🟡
0.0289,11,2012139,Grid King $1000,pelik,🟡,2053240,HRC Algo,pelik,🟡
0.0281,17,2014076,PentagonForex,pelik,🟢,2339082,GoldWave signal,mql5,🟡
0.0274,7,2053240,HRC Algo,pelik,🟡,2362868,Pure Gold 2000 Vantage,mql5,🟡
0.0270,9,2048285,SafeGold,pelik,🟢,2362349,Combo Profile 2026,mql5,🟡
0.0119,9,2014074,The Holy Grail,pelik,🟡,2063644,🍋 Lemonal 🍋 t.me/lemonal1,pelik,🟢
0.0095,12,2016702,Master H4-1,pelik,🟡,2048284,ImpulseNet,pelik,🟡
0.0088,11,2048284,ImpulseNet,pelik,🟡,2349227,Gold Spike,mql5,🟢
-0.0067,9,2063644,🍋 Lemonal 🍋 t.me/lemonal1,pelik,🟢,2379236,EURUSD Night Scalper AI,mql5,🟡
-0.0070,9,2048285,SafeGold,pelik,🟢,2063644,🍋 Lemonal 🍋 t.me/lemonal1,pelik,🟢
-0.0121,12,2014076,PentagonForex,pelik,🟢,2048285,SafeGold,pelik,🟢
-0.0122,11,2048285,SafeGold,pelik,🟢,2053240,HRC Algo,pelik,🟡
-0.0127,8,2039057,Master H4-2,pelik,🟡,2053240,HRC Algo,pelik,🟡
-0.0273,12,2014076,PentagonForex,pelik,🟢,2049613,MicroJump,pelik,🟡
-0.0311,12,2014076,PentagonForex,pelik,🟢,2048284,ImpulseNet,pelik,🟡
-0.0412,22,2012139,Grid King $1000,pelik,🟡,2014076,PentagonForex,pelik,🟢
-0.0420,22,2000028,Lexo,pelik,🟢,2014076,PentagonForex,pelik,🟢
-0.0464,6,2059368,gemslime,pelik,🟡,2362868,Pure Gold 2000 Vantage,mql5,🟡
-0.0603,7,2053240,HRC Algo,pelik,🟡,2072334,GOLD Tokyo Scalping,pelik,🟡
-0.0607,9,2049613,MicroJump,pelik,🟡,2362349,Combo Profile 2026,mql5,🟡
-0.0648,7,2012139,Grid King $1000,pelik,🟡,2072334,GOLD Tokyo Scalping,pelik,🟡
-0.0648,7,2072334,GOLD Tokyo Scalping,pelik,🟡,2329290,Precise Pair Trading Pro,mql5,🟡
-0.0745,9,2349227,Gold Spike,mql5,🟢,2379236,EURUSD Night Scalper AI,mql5,🟡
-0.0748,9,2063644,🍋 Lemonal 🍋 t.me/lemonal1,pelik,🟢,2349227,Gold Spike,mql5,🟢
-0.0755,9,2048284,ImpulseNet,pelik,🟡,2379236,EURUSD Night Scalper AI,mql5,🟡
-0.0934,13,2014076,PentagonForex,pelik,🟢,2329290,Precise Pair Trading Pro,mql5,🟡
-0.0978,11,2014076,PentagonForex,pelik,🟢,2349227,Gold Spike,mql5,🟢
-0.0985,7,2072334,GOLD Tokyo Scalping,pelik,🟡,2379236,EURUSD Night Scalper AI,mql5,🟡
-0.0985,12,2048284,ImpulseNet,pelik,🟡,2265877,Gold Reaper New V2 2,mql5,🟡
-0.1015,12,2049613,MicroJump,pelik,🟡,2265877,Gold Reaper New V2 2,mql5,🟡
-0.1100,8,2048285,SafeGold,pelik,🟢,2054437,TKG,pelik,🟡
-0.1124,12,2016702,Master H4-1,pelik,🟡,2048285,SafeGold,pelik,🟢
-0.1174,9,2059368,gemslime,pelik,🟡,2265877,Gold Reaper New V2 2,mql5,🟡
-0.1195,11,2048284,ImpulseNet,pelik,🟡,2053240,HRC Algo,pelik,🟡
-0.1276,9,2265877,Gold Reaper New V2 2,mql5,🟡,2379236,EURUSD Night Scalper AI,mql5,🟡
-0.1333,11,2052727,💎t.me/Mr_Profit_FX,pelik,🟢,2339082,GoldWave signal,mql5,🟡
-0.1341,6,2054437,TKG,pelik,🟡,2379236,EURUSD Night Scalper AI,mql5,🟡
-0.1402,22,2014074,The Holy Grail,pelik,🟡,2014076,PentagonForex,pelik,🟢
-0.1453,22,2014076,PentagonForex,pelik,🟢,2265877,Gold Reaper New V2 2,mql5,🟡
-0.1498,9,2049613,MicroJump,pelik,🟡,2379236,EURUSD Night Scalper AI,mql5,🟡
-0.1507,12,2048284,ImpulseNet,pelik,🟡,2339082,GoldWave signal,mql5,🟡
-0.1760,9,2039057,Master H4-2,pelik,🟡,2049613,MicroJump,pelik,🟡
-0.1865,8,2054437,TKG,pelik,🟡,2265877,Gold Reaper New V2 2,mql5,🟡
-0.1976,9,2039057,Master H4-2,pelik,🟡,2048284,ImpulseNet,pelik,🟡
-0.1979,12,2048284,ImpulseNet,pelik,🟡,2329290,Precise Pair Trading Pro,mql5,🟡
-0.2026,17,2012139,Grid King $1000,pelik,🟡,2339082,GoldWave signal,mql5,🟡
-0.2033,8,2014076,PentagonForex,pelik,🟢,2054437,TKG,pelik,🟡
-0.2163,10,2039057,Master H4-2,pelik,🟡,2329290,Precise Pair Trading Pro,mql5,🟡
-0.2182,9,2014076,PentagonForex,pelik,🟢,2059368,gemslime,pelik,🟡
-0.2193,7,2362349,Combo Profile 2026,mql5,🟡,2362868,Pure Gold 2000 Vantage,mql5,🟡
-0.2220,8,2039057,Master H4-2,pelik,🟡,2349227,Gold Spike,mql5,🟢
-0.2258,8,2059368,gemslime,pelik,🟡,2379236,EURUSD Night Scalper AI,mql5,🟡
-0.2264,7,2072334,GOLD Tokyo Scalping,pelik,🟡,2362349,Combo Profile 2026,mql5,🟡
-0.2330,6,2039057,Master H4-2,pelik,🟡,2059368,gemslime,pelik,🟡
-0.2379,6,2054437,TKG,pelik,🟡,2362349,Combo Profile 2026,mql5,🟡
-0.2404,7,2000028,Lexo,pelik,🟢,2362868,Pure Gold 2000 Vantage,mql5,🟡
-0.2412,12,2012139,Grid King $1000,pelik,🟡,2049613,MicroJump,pelik,🟡
-0.2475,21,2014074,The Holy Grail,pelik,🟡,2016702,Master H4-1,pelik,🟡
-0.2498,12,2014074,The Holy Grail,pelik,🟡,2048285,SafeGold,pelik,🟢
-0.2503,9,2052727,💎t.me/Mr_Profit_FX,pelik,🟢,2063644,🍋 Lemonal 🍋 t.me/lemonal1,pelik,🟢
-0.2543,9,2063644,🍋 Lemonal 🍋 t.me/lemonal1,pelik,🟢,2362349,Combo Profile 2026,mql5,🟡
-0.2691,21,2000028,Lexo,pelik,🟢,2016702,Master H4-1,pelik,🟡
-0.2771,11,2053240,HRC Algo,pelik,🟡,2349227,Gold Spike,mql5,🟢
-0.2781,9,2339082,GoldWave signal,mql5,🟡,2379236,EURUSD Night Scalper AI,mql5,🟡
-0.2793,7,2016702,Master H4-1,pelik,🟡,2362868,Pure Gold 2000 Vantage,mql5,🟡
-0.2992,11,2052727,💎t.me/Mr_Profit_FX,pelik,🟢,2053240,HRC Algo,pelik,🟡
-0.3026,9,2053240,HRC Algo,pelik,🟡,2362349,Combo Profile 2026,mql5,🟡
-0.3076,7,2049613,MicroJump,pelik,🟡,2362868,Pure Gold 2000 Vantage,mql5,🟡
-0.3077,12,2012139,Grid King $1000,pelik,🟡,2048284,ImpulseNet,pelik,🟡
-0.3136,7,2063644,🍋 Lemonal 🍋 t.me/lemonal1,pelik,🟢,2362868,Pure Gold 2000 Vantage,mql5,🟡
-0.3211,11,2053240,HRC Algo,pelik,🟡,2265877,Gold Reaper New V2 2,mql5,🟡
-0.3254,8,2059368,gemslime,pelik,🟡,2362349,Combo Profile 2026,mql5,🟡
-0.3463,12,2048284,ImpulseNet,pelik,🟡,2048285,SafeGold,pelik,🟢
-0.3603,11,2014076,PentagonForex,pelik,🟢,2052727,💎t.me/Mr_Profit_FX,pelik,🟢
-0.3847,9,2012139,Grid King $1000,pelik,🟡,2063644,🍋 Lemonal 🍋 t.me/lemonal1,pelik,🟢
-0.4112,9,2012139,Grid King $1000,pelik,🟡,2059368,gemslime,pelik,🟡
-0.4258,7,2014076,PentagonForex,pelik,🟢,2362868,Pure Gold 2000 Vantage,mql5,🟡
-0.4274,13,2016702,Master H4-1,pelik,🟡,2329290,Precise Pair Trading Pro,mql5,🟡
-0.4338,9,2048285,SafeGold,pelik,🟢,2379236,EURUSD Night Scalper AI,mql5,🟡
-0.4340,11,2016702,Master H4-1,pelik,🟡,2349227,Gold Spike,mql5,🟢
-0.4632,9,2039057,Master H4-2,pelik,🟡,2048285,SafeGold,pelik,🟢
-0.4653,11,2039057,Master H4-2,pelik,🟡,2265877,Gold Reaper New V2 2,mql5,🟡
-0.5074,9,2063644,🍋 Lemonal 🍋 t.me/lemonal1,pelik,🟢,2265877,Gold Reaper New V2 2,mql5,🟡
-0.5359,22,2012139,Grid King $1000,pelik,🟡,2014074,The Holy Grail,pelik,🟡
-0.5432,22,2000028,Lexo,pelik,🟢,2012139,Grid King $1000,pelik,🟡
-0.5765,11,2016702,Master H4-1,pelik,🟡,2052727,💎t.me/Mr_Profit_FX,pelik,🟢
-0.5912,21,2016702,Master H4-1,pelik,🟡,2265877,Gold Reaper New V2 2,mql5,🟡
-0.5925,7,2048284,ImpulseNet,pelik,🟡,2362868,Pure Gold 2000 Vantage,mql5,🟡
-0.5978,8,2012139,Grid King $1000,pelik,🟡,2054437,TKG,pelik,🟡
-0.6088,9,2016702,Master H4-1,pelik,🟡,2362349,Combo Profile 2026,mql5,🟡
