Quelle/Signal;Kennzahl;Produktivwert;Unabhaengiger Wert;Differenz/Toleranz;Grundlage;Auswirkung auf Auswahl/Ampel/Bericht
mql5/2349227 Gold Spike;Trade-Zeilen (CSV roh);—;1165;info;SHA 7d0694f6b14d…, 7d0694f6b14d0a9b0e2f380cd3d36424e0ec1ea1fc8218521b0c49df0e8bc967.csv;
mql5/2349227 Gold Spike;Trades geparst (ohne Pending/Summe);;392;info;Typen: {'Buy Stop': 395, '<sonst:Buy Stop>': 395, 'Sell': 192, 'Sell Stop': 369, '<sonst:Sell Stop>': 369, 'Balance': 9, 'Buy': 200};
mql5/2349227 Gold Spike;Netto-PnL USD;—;2877.86;info;Summe Profit+Commission+Swap;
mql5/2349227 Gold Spike;Winrate %;77.6;76.3;±0.5;gewonnen/gesamt (Close-Reihenfolge);
mql5/2349227 Gold Spike;Profit Factor;3.51;3.46;±0.05;Bruttogewinn/Bruttoverlust;
mql5/2349227 Gold Spike;Duplikate;—;2;=0 erwartet;Schlüssel Open+Close+Vol+PnL;
mql5/2349227 Gold Spike;Trading-DD % (Sekunden-Batch, wie Produkt);4.57;4.57;±0.05;"USD 157.2 (Prod None); max-rel 4.57 %";
mql5/2349227 Gold Spike;DD-USD unbatched (Intra-Sekunde-Band);—;157.2;info;"wahre Reihenfolge gleichzeitiger Closes im CSV unbestimmbar — obere Schätzung; Grid-Körbe systematisch betroffen";
mql5/2349227 Gold Spike;Startbasis virtuelle Kurve USD;3116.0;3116.0;±1;"Quelle: csv (Prod csv_einzahlungen; Realbalance Plattform 2409.55)";
mql5/2349227 Gold Spike;End-Balance USD;—;5993.86;info;Basis + Σ netto;
mql5/2349227 Gold Spike;Ertrag/Monat % (linear, eigene Basis);24.54;8.6;Def. vergleichen;10.7 Monate (2025-11-04–2026-09-28);
mql5/2349227 Gold Spike;Ertrag/Monat % (Median Monatsrenditen);—;6.69;info;Monats-PnL / Balance am Monatsanfang;
mql5/2349227 Gold Spike;Max. Verlustserie (Trades);13;13;±0;Summe -157.2 USD (Prod -154.99);
mql5/2349227 Gold Spike;Peak gleichzeitige Positionen;11;10;±0;Intervall-Überlappung;
mql5/2349227 Gold Spike;Peak Netto-Lots;0.12;0.11;±0.02;signierte Summe am Positions-Peak;
mql5/2349227 Gold Spike;Schock 50 USD am Peak (USD);600.0;550.0;±5;XAUUSD 100 USD/Lot/1-$-Move;
mql5/2349227 Gold Spike;Martingale Median-Ratio;False;1.0;Schwelle 1.3;n=93;
mql5/2349227 Gold Spike;Trades mit S/L im Orderbuch;Orderbuch: 392/392 mit SL;392/392;vergleichen;S/L-Spalte != leer;
pelik/2063644 🍋 Lemonal 🍋 t.me/lemonal1;Trade-Zeilen (CSV roh);—;5541;info;SHA a2c2e3555ec2…, a2c2e3555ec255c7b537781305ba573dedff21497916815d6a28365dfd3c806f.csv;
pelik/2063644 🍋 Lemonal 🍋 t.me/lemonal1;Trades geparst (ohne Pending/Summe);;5541;info;Typen: {'Buy': 5508, 'Sell': 33};
pelik/2063644 🍋 Lemonal 🍋 t.me/lemonal1;Netto-PnL USD;—;10140.81;info;Summe Profit+Commission+Swap;
pelik/2063644 🍋 Lemonal 🍋 t.me/lemonal1;Winrate %;76.0;76.0;±0.5;gewonnen/gesamt (Close-Reihenfolge);
pelik/2063644 🍋 Lemonal 🍋 t.me/lemonal1;Profit Factor;;2.34;±0.05;Bruttogewinn/Bruttoverlust;
pelik/2063644 🍋 Lemonal 🍋 t.me/lemonal1;Duplikate;—;1;=0 erwartet;Schlüssel Open+Close+Vol+PnL;
pelik/2063644 🍋 Lemonal 🍋 t.me/lemonal1;Trading-DD % (Sekunden-Batch, wie Produkt);2.37;2.37;±0.05;"USD 437.39 (Prod None); max-rel 2.37 %";
pelik/2063644 🍋 Lemonal 🍋 t.me/lemonal1;DD-USD unbatched (Intra-Sekunde-Band);—;717.6;info;"wahre Reihenfolge gleichzeitiger Closes im CSV unbestimmbar — obere Schätzung; Grid-Körbe systematisch betroffen";
pelik/2063644 🍋 Lemonal 🍋 t.me/lemonal1;Startbasis virtuelle Kurve USD;10000.0;10000.0;±1;"Quelle: fallback (Prod virtuelle_annahme; Realbalance Plattform 14543.79)";
pelik/2063644 🍋 Lemonal 🍋 t.me/lemonal1;Sensitivität: DD % auf Realbasis-Proxy;—;3.01;info;Startbasis real ≈ 4403.0 statt 10000.0 — gleiche USD-DD, anderer Nenner;
pelik/2063644 🍋 Lemonal 🍋 t.me/lemonal1;Sensitivität: Ertrag %/Monat auf Realbasis;—;28.5;info;Prod-Ertrag bezieht sich u. U. auf andere Basis;
pelik/2063644 🍋 Lemonal 🍋 t.me/lemonal1;End-Balance USD;—;20140.81;info;Basis + Σ netto;
pelik/2063644 🍋 Lemonal 🍋 t.me/lemonal1;Ertrag/Monat % (linear, eigene Basis);248.48823529;12.55;Def. vergleichen;8.1 Monate (2026-01-19–2026-09-22);
pelik/2063644 🍋 Lemonal 🍋 t.me/lemonal1;Ertrag/Monat % (Median Monatsrenditen);—;7.44;info;Monats-PnL / Balance am Monatsanfang;
pelik/2063644 🍋 Lemonal 🍋 t.me/lemonal1;Max. Verlustserie (Trades);13;14;±0;Summe -439.2 USD (Prod -434.79);
pelik/2063644 🍋 Lemonal 🍋 t.me/lemonal1;Peak gleichzeitige Positionen;32;32;±0;Intervall-Überlappung;
pelik/2063644 🍋 Lemonal 🍋 t.me/lemonal1;Peak Netto-Lots;0.94;0.8;±0.02;signierte Summe am Positions-Peak;
pelik/2063644 🍋 Lemonal 🍋 t.me/lemonal1;Schock 50 USD am Peak (USD);4700.0;4000.0;±5;XAUUSD 100 USD/Lot/1-$-Move;
pelik/2063644 🍋 Lemonal 🍋 t.me/lemonal1;Martingale Median-Ratio;False;1.0;Schwelle 1.3;n=1319;
pelik/2063644 🍋 Lemonal 🍋 t.me/lemonal1;Trades mit S/L im Orderbuch;"Verlustdistanzen ohne Cluster — SL nicht uebertragen (neutral; KI schatzt aus dem Verhalten ab)";0/5541;vergleichen;S/L-Spalte != leer;
pelik/2063644 🍋 Lemonal 🍋 t.me/lemonal1;Monitor-Trade-EQ-DD %;46.64695093595061;s. Sensitivitätszeilen;info;"Monitor wertet volle Trade-Kurve auf echter Basis; hier: virtuelle Kurve DD 2.37 % (437.0 USD)";
pelik/2084818 AccurateCopier;Trade-Zeilen (CSV roh);—;753;info;SHA 20bdbfdef60a…, 20bdbfdef60adc549b8d3d4bdeed7fa9ceb583a211244ced8a7a505524a55f64.csv;
pelik/2084818 AccurateCopier;Trades geparst (ohne Pending/Summe);;753;info;Typen: {'Sell': 115, 'Buy': 638};
pelik/2084818 AccurateCopier;Netto-PnL USD;—;848.47;info;Summe Profit+Commission+Swap;
pelik/2084818 AccurateCopier;Winrate %;82.2;82.2;±0.5;gewonnen/gesamt (Close-Reihenfolge);
pelik/2084818 AccurateCopier;Profit Factor;;1.65;±0.05;Bruttogewinn/Bruttoverlust;
pelik/2084818 AccurateCopier;Duplikate;—;0;=0 erwartet;Schlüssel Open+Close+Vol+PnL;
pelik/2084818 AccurateCopier;Trading-DD % (Sekunden-Batch, wie Produkt);2.89;2.89;±0.05;"USD 301.79 (Prod None); max-rel 2.89 %";
pelik/2084818 AccurateCopier;DD-USD unbatched (Intra-Sekunde-Band);—;301.79;info;"wahre Reihenfolge gleichzeitiger Closes im CSV unbestimmbar — obere Schätzung; Grid-Körbe systematisch betroffen";
pelik/2084818 AccurateCopier;Startbasis virtuelle Kurve USD;10000.0;10000.0;±1;"Quelle: fallback (Prod virtuelle_annahme; Realbalance Plattform 5226.73)";
pelik/2084818 AccurateCopier;Sensitivität: DD % auf Realbasis-Proxy;—;5.77;info;Startbasis real ≈ 4378.0 statt 10000.0 — gleiche USD-DD, anderer Nenner;
pelik/2084818 AccurateCopier;Sensitivität: Ertrag %/Monat auf Realbasis;—;6.6;info;Prod-Ertrag bezieht sich u. U. auf andere Basis;
pelik/2084818 AccurateCopier;End-Balance USD;—;10848.47;info;Basis + Σ netto;
pelik/2084818 AccurateCopier;Ertrag/Monat % (linear, eigene Basis);23.57;2.9;Def. vergleichen;2.9 Monate (2026-07-01–2026-09-29);
pelik/2084818 AccurateCopier;Ertrag/Monat % (Median Monatsrenditen);—;3.09;info;Monats-PnL / Balance am Monatsanfang;
pelik/2084818 AccurateCopier;Max. Verlustserie (Trades);7;7;±0;Summe -38.09 USD (Prod -38.09);
pelik/2084818 AccurateCopier;Peak gleichzeitige Positionen;13;11;±0;Intervall-Überlappung;
pelik/2084818 AccurateCopier;Peak Netto-Lots;-0.18;0.11;±0.02;signierte Summe am Positions-Peak;
pelik/2084818 AccurateCopier;Martingale Median-Ratio;False;1.0;Schwelle 1.3;n=130;
pelik/2084818 AccurateCopier;Trades mit S/L im Orderbuch;"Verlustdistanzen ohne Cluster — SL nicht uebertragen (neutral; KI schatzt aus dem Verhalten ab)";0/753;vergleichen;S/L-Spalte != leer;
pelik/2084818 AccurateCopier;Monitor-Trade-EQ-DD %;241.31601639674417;s. Sensitivitätszeilen;info;"Monitor wertet volle Trade-Kurve auf echter Basis; hier: virtuelle Kurve DD 2.89 % (302.0 USD)";
mql5/2327790 ATong;Trade-Zeilen (CSV roh);—;8376;info;SHA a885ab2e6333…, a885ab2e633395e69e5e22d1d95506c780102827baf637e45bd1e52b248df8b6.csv;
mql5/2327790 ATong;Trades geparst (ohne Pending/Summe);;8294;info;Typen: {'Buy': 3996, 'Sell': 4298, 'Balance': 81, 'Buy Limit': 1, '<sonst:Buy Limit>': 1};
mql5/2327790 ATong;Netto-PnL USD;—;10129.55;info;Summe Profit+Commission+Swap;
mql5/2327790 ATong;Winrate %;77.4;77.0;±0.5;gewonnen/gesamt (Close-Reihenfolge);
mql5/2327790 ATong;Profit Factor;1.59;1.59;±0.05;Bruttogewinn/Bruttoverlust;
mql5/2327790 ATong;Duplikate;—;0;=0 erwartet;Schlüssel Open+Close+Vol+PnL;
mql5/2327790 ATong;Trading-DD % (Sekunden-Batch, wie Produkt);7.68;7.68;±0.05;"USD 590.92 (Prod None); max-rel 7.68 %";
mql5/2327790 ATong;DD-USD unbatched (Intra-Sekunde-Band);—;868.51;info;"wahre Reihenfolge gleichzeitiger Closes im CSV unbestimmbar — obere Schätzung; Grid-Körbe systematisch betroffen";
mql5/2327790 ATong;Startbasis virtuelle Kurve USD;2000.1;2000.1;±1;"Quelle: csv (Prod csv_einzahlungen; Realbalance Plattform 1513.64)";
mql5/2327790 ATong;End-Balance USD;—;12129.65;info;Basis + Σ netto;
mql5/2327790 ATong;Ertrag/Monat % (linear, eigene Basis);7.65;7.77;Def. vergleichen;65.2 Monate (2021-04-22–2026-09-28);
mql5/2327790 ATong;Ertrag/Monat % (Median Monatsrenditen);—;0.95;info;Monats-PnL / Balance am Monatsanfang;
mql5/2327790 ATong;Max. Verlustserie (Trades);19;19;±0;Summe -3.49 USD (Prod -1.4);
mql5/2327790 ATong;Peak gleichzeitige Positionen;48;26;±0;Intervall-Überlappung;
mql5/2327790 ATong;Peak Netto-Lots;1.41;1.66;±0.02;signierte Summe am Positions-Peak;
mql5/2327790 ATong;Martingale Median-Ratio;True;1.5;Schwelle 1.3;n=1903;
mql5/2327790 ATong;Trades mit S/L im Orderbuch;Orderbuch: 379/8294 mit SL;379/8294;vergleichen;S/L-Spalte != leer;
pelik/2014074 The Holy Grail;Trade-Zeilen (CSV roh);—;15340;info;SHA c8c100a09a6b…, c8c100a09a6b0a34c69f128d8dc29d868e59a187dd32d9d9a1a7e7249efceffe.csv;
pelik/2014074 The Holy Grail;Trades geparst (ohne Pending/Summe);;15340;info;Typen: {'Buy': 6897, 'Sell': 8443};
pelik/2014074 The Holy Grail;Netto-PnL USD;—;64537.45;info;Summe Profit+Commission+Swap;
pelik/2014074 The Holy Grail;Winrate %;95.5;95.5;±0.5;gewonnen/gesamt (Close-Reihenfolge);
pelik/2014074 The Holy Grail;Profit Factor;;5.42;±0.05;Bruttogewinn/Bruttoverlust;
pelik/2014074 The Holy Grail;Duplikate;—;4197;=0 erwartet;Schlüssel Open+Close+Vol+PnL;
pelik/2014074 The Holy Grail;Trading-DD % (Sekunden-Batch, wie Produkt);16.0;16.0;±0.05;"USD 6103.61 (Prod None); max-rel 16.0 %";
pelik/2014074 The Holy Grail;DD-USD unbatched (Intra-Sekunde-Band);—;6103.61;info;"wahre Reihenfolge gleichzeitiger Closes im CSV unbestimmbar — obere Schätzung; Grid-Körbe systematisch betroffen";
pelik/2014074 The Holy Grail;Startbasis virtuelle Kurve USD;10000.0;10000.0;±1;"Quelle: fallback (Prod virtuelle_annahme; Realbalance Plattform 99339.69)";
pelik/2014074 The Holy Grail;Sensitivität: DD % auf Realbasis-Proxy;—;6.14;info;Startbasis real ≈ 34802.0 statt 10000.0 — gleiche USD-DD, anderer Nenner;
pelik/2014074 The Holy Grail;Sensitivität: Ertrag %/Monat auf Realbasis;—;4.1;info;Prod-Ertrag bezieht sich u. U. auf andere Basis;
pelik/2014074 The Holy Grail;End-Balance USD;—;74537.45;info;Basis + Σ netto;
pelik/2014074 The Holy Grail;Ertrag/Monat % (linear, eigene Basis);136.54043478;14.14;Def. vergleichen;45.6 Monate (2022-12-08–2026-09-28);
pelik/2014074 The Holy Grail;Ertrag/Monat % (Median Monatsrenditen);—;3.44;info;Monats-PnL / Balance am Monatsanfang;
pelik/2014074 The Holy Grail;Max. Verlustserie (Trades);120;120;±0;Summe -906.35 USD (Prod -906.35);
pelik/2014074 The Holy Grail;Peak gleichzeitige Positionen;481;137;±0;Intervall-Überlappung;
pelik/2014074 The Holy Grail;Peak Netto-Lots;-13.53;4.11;±0.02;signierte Summe am Positions-Peak;
pelik/2014074 The Holy Grail;Martingale Median-Ratio;False;1.0;Schwelle 1.3;n=639;
pelik/2014074 The Holy Grail;Trades mit S/L im Orderbuch;Stop-Signatur nur in Teilstichproben — fuer das gesamte Signal neutral;0/15340;vergleichen;S/L-Spalte != leer;
pelik/2014074 The Holy Grail;Monitor-Trade-EQ-DD %;21.401558206180937;s. Sensitivitätszeilen;info;"Monitor wertet volle Trade-Kurve auf echter Basis; hier: virtuelle Kurve DD 16.0 % (6104.0 USD)";
pelik/2012139 Grid King $1000;Trade-Zeilen (CSV roh);—;2338;info;SHA ba2253443902…, ba2253443902ceaeff49bcb301b3668e17ca776a6d78a20557b1b8670b6fc166.csv;
pelik/2012139 Grid King $1000;Trades geparst (ohne Pending/Summe);;2338;info;Typen: {'Buy': 1202, 'Sell': 1136};
pelik/2012139 Grid King $1000;Netto-PnL USD;—;3178.02;info;Summe Profit+Commission+Swap;
pelik/2012139 Grid King $1000;Winrate %;98.8;98.8;±0.5;gewonnen/gesamt (Close-Reihenfolge);
pelik/2012139 Grid King $1000;Profit Factor;;4.79;±0.05;Bruttogewinn/Bruttoverlust;
pelik/2012139 Grid King $1000;Duplikate;—;0;=0 erwartet;Schlüssel Open+Close+Vol+PnL;
pelik/2012139 Grid King $1000;Trading-DD % (Sekunden-Batch, wie Produkt);1.15;1.15;±0.05;"USD 146.18 (Prod None); max-rel 1.15 %";
pelik/2012139 Grid King $1000;DD-USD unbatched (Intra-Sekunde-Band);—;146.18;info;"wahre Reihenfolge gleichzeitiger Closes im CSV unbestimmbar — obere Schätzung; Grid-Körbe systematisch betroffen";
pelik/2012139 Grid King $1000;Startbasis virtuelle Kurve USD;10000.0;10000.0;±1;"Quelle: fallback (Prod virtuelle_annahme; Realbalance Plattform 3476.95)";
pelik/2012139 Grid King $1000;Sensitivität: DD % auf Realbasis-Proxy;—;4.2;info;Startbasis real ≈ 299.0 statt 10000.0 — gleiche USD-DD, anderer Nenner;
pelik/2012139 Grid King $1000;Sensitivität: Ertrag %/Monat auf Realbasis;—;49.2;info;Prod-Ertrag bezieht sich u. U. auf andere Basis;
pelik/2012139 Grid King $1000;End-Balance USD;—;13178.02;info;Basis + Σ netto;
pelik/2012139 Grid King $1000;Ertrag/Monat % (linear, eigene Basis);-8.93772727;1.47;Def. vergleichen;21.6 Monate (2024-12-09–2026-09-28);
pelik/2012139 Grid King $1000;Ertrag/Monat % (Median Monatsrenditen);—;0.96;info;Monats-PnL / Balance am Monatsanfang;
pelik/2012139 Grid King $1000;Max. Verlustserie (Trades);5;6;±0;Summe -99.03 USD (Prod -99.03);
pelik/2012139 Grid King $1000;Peak gleichzeitige Positionen;88;64;±0;Intervall-Überlappung;
pelik/2012139 Grid King $1000;Peak Netto-Lots;0.61;0.64;±0.02;signierte Summe am Positions-Peak;
pelik/2012139 Grid King $1000;Martingale Median-Ratio;False;1.0;Schwelle 1.3;n=27;
pelik/2012139 Grid King $1000;Trades mit S/L im Orderbuch;kein eindeutiges Stop-Niveau erkennbar — neutral;0/2338;vergleichen;S/L-Spalte != leer;
pelik/2012139 Grid King $1000;Monitor-Trade-EQ-DD %;70.64188134629703;s. Sensitivitätszeilen;info;"Monitor wertet volle Trade-Kurve auf echter Basis; hier: virtuelle Kurve DD 1.15 % (146.0 USD)";
mql5/2308093 UpFuji MT4;Trade-Zeilen (CSV roh);—;1720;info;SHA 844ed08dfd48…, 844ed08dfd487bd99a1db9021e67da74f1f352011d16c8aefc1202ad11ada7a8.csv;
mql5/2308093 UpFuji MT4;Trades geparst (ohne Pending/Summe);;1702;info;Typen: {'Sell': 912, 'Buy': 790, 'Balance': 15, 'Buy Limit': 3, '<sonst:Buy Limit>': 3};
mql5/2308093 UpFuji MT4;Netto-PnL USD;—;774.6;info;Summe Profit+Commission+Swap;
mql5/2308093 UpFuji MT4;Winrate %;73.1;72.8;±0.5;gewonnen/gesamt (Close-Reihenfolge);
mql5/2308093 UpFuji MT4;Profit Factor;1.91;1.91;±0.05;Bruttogewinn/Bruttoverlust;
mql5/2308093 UpFuji MT4;Duplikate;—;0;=0 erwartet;Schlüssel Open+Close+Vol+PnL;
mql5/2308093 UpFuji MT4;Trading-DD % (Sekunden-Batch, wie Produkt);3.83;3.83;±0.05;"USD 27.36 (Prod None); max-rel 3.83 %";
mql5/2308093 UpFuji MT4;DD-USD unbatched (Intra-Sekunde-Band);—;29.03;info;"wahre Reihenfolge gleichzeitiger Closes im CSV unbestimmbar — obere Schätzung; Grid-Körbe systematisch betroffen";
mql5/2308093 UpFuji MT4;Startbasis virtuelle Kurve USD;506.08;506.08;±1;"Quelle: fallback (Prod signalseite_initial_deposit; Realbalance Plattform 530.68)";
mql5/2308093 UpFuji MT4;End-Balance USD;—;1280.68;info;Basis + Σ netto;
mql5/2308093 UpFuji MT4;Ertrag/Monat % (linear, eigene Basis);2.99;4.25;Def. vergleichen;36.0 Monate (2023-09-28–2026-09-28);
mql5/2308093 UpFuji MT4;Ertrag/Monat % (Median Monatsrenditen);—;2.39;info;Monats-PnL / Balance am Monatsanfang;
mql5/2308093 UpFuji MT4;Max. Verlustserie (Trades);5;4;±0;Summe -9.11 USD (Prod -23.57);
mql5/2308093 UpFuji MT4;Peak gleichzeitige Positionen;12;10;±0;Intervall-Überlappung;
mql5/2308093 UpFuji MT4;Peak Netto-Lots;0.24;0.24;±0.02;signierte Summe am Positions-Peak;
mql5/2308093 UpFuji MT4;Martingale Median-Ratio;False;1.0;Schwelle 1.3;n=460;
mql5/2308093 UpFuji MT4;Trades mit S/L im Orderbuch;Orderbuch: 0/1702 mit SL;0/1702;vergleichen;S/L-Spalte != leer;
pelik/2048285 SafeGold;Trade-Zeilen (CSV roh);—;675;info;SHA de07b6776553…, de07b6776553eee66aa41d5ad0ac32f82a3c99bb5d4b415924f64e9f2fa8996c.csv;
pelik/2048285 SafeGold;Trades geparst (ohne Pending/Summe);;675;info;Typen: {'Buy': 586, 'Sell': 89};
pelik/2048285 SafeGold;Netto-PnL USD;—;568.03;info;Summe Profit+Commission+Swap;
pelik/2048285 SafeGold;Winrate %;74.1;74.1;±0.5;gewonnen/gesamt (Close-Reihenfolge);
pelik/2048285 SafeGold;Profit Factor;;1.94;±0.05;Bruttogewinn/Bruttoverlust;
pelik/2048285 SafeGold;Duplikate;—;0;=0 erwartet;Schlüssel Open+Close+Vol+PnL;
pelik/2048285 SafeGold;Trading-DD % (Sekunden-Batch, wie Produkt);1.78;1.78;±0.05;"USD 189.26 (Prod None); max-rel 1.78 %";
pelik/2048285 SafeGold;DD-USD unbatched (Intra-Sekunde-Band);—;191.23;info;"wahre Reihenfolge gleichzeitiger Closes im CSV unbestimmbar — obere Schätzung; Grid-Körbe systematisch betroffen";
pelik/2048285 SafeGold;Startbasis virtuelle Kurve USD;10000.0;10000.0;±1;"Quelle: fallback (Prod virtuelle_annahme; Realbalance Plattform 998.22)";
pelik/2048285 SafeGold;Sensitivität: DD % auf Realbasis-Proxy;—;18.18;info;Startbasis real ≈ 430.0 statt 10000.0 — gleiche USD-DD, anderer Nenner;
pelik/2048285 SafeGold;Sensitivität: Ertrag %/Monat auf Realbasis;—;11.5;info;Prod-Ertrag bezieht sich u. U. auf andere Basis;
pelik/2048285 SafeGold;End-Balance USD;—;10568.03;info;Basis + Σ netto;
pelik/2048285 SafeGold;Ertrag/Monat % (linear, eigene Basis);6.46384615;0.5;Def. vergleichen;11.4 Monate (2025-10-14–2026-09-28);
pelik/2048285 SafeGold;Ertrag/Monat % (Median Monatsrenditen);—;0.54;info;Monats-PnL / Balance am Monatsanfang;
pelik/2048285 SafeGold;Max. Verlustserie (Trades);10;10;±0;Summe -185.98 USD (Prod -185.98);
pelik/2048285 SafeGold;Peak gleichzeitige Positionen;9;9;±0;Intervall-Überlappung;
pelik/2048285 SafeGold;Peak Netto-Lots;0.09;0.09;±0.02;signierte Summe am Positions-Peak;
pelik/2048285 SafeGold;Schock 50 USD am Peak (USD);450.0;450.0;±5;XAUUSD 100 USD/Lot/1-$-Move;
pelik/2048285 SafeGold;Martingale Median-Ratio;False;1.0;Schwelle 1.3;n=174;
pelik/2048285 SafeGold;Trades mit S/L im Orderbuch;"Verlustdistanzen ohne Cluster — SL nicht uebertragen (neutral; KI schatzt aus dem Verhalten ab)";0/675;vergleichen;S/L-Spalte != leer;
pelik/2048285 SafeGold;Monitor-Trade-EQ-DD %;16.0741159035832;s. Sensitivitätszeilen;info;"Monitor wertet volle Trade-Kurve auf echter Basis; hier: virtuelle Kurve DD 1.78 % (189.0 USD)";
pelik/2000028 Lexo;Trade-Zeilen (CSV roh);—;3296;info;SHA 1ac616ca5af6…, 1ac616ca5af6deca47a22d2417a37157e251b3cca801992d2aa007913a0c6e76.csv;
pelik/2000028 Lexo;Trades geparst (ohne Pending/Summe);;3296;info;Typen: {'Sell': 1713, 'Buy': 1583};
pelik/2000028 Lexo;Netto-PnL USD;—;13406.59;info;Summe Profit+Commission+Swap;
pelik/2000028 Lexo;Winrate %;74.1;74.1;±0.5;gewonnen/gesamt (Close-Reihenfolge);
pelik/2000028 Lexo;Profit Factor;;2.57;±0.05;Bruttogewinn/Bruttoverlust;
pelik/2000028 Lexo;Duplikate;—;214;=0 erwartet;Schlüssel Open+Close+Vol+PnL;
pelik/2000028 Lexo;Trading-DD % (Sekunden-Batch, wie Produkt);0.27;0.27;±0.05;"USD 29.62 (Prod None); max-rel 0.27 %";
pelik/2000028 Lexo;DD-USD unbatched (Intra-Sekunde-Band);—;753.15;info;"wahre Reihenfolge gleichzeitiger Closes im CSV unbestimmbar — obere Schätzung; Grid-Körbe systematisch betroffen";
pelik/2000028 Lexo;Startbasis virtuelle Kurve USD;10000.0;10000.0;±1;"Quelle: fallback (Prod virtuelle_annahme; Realbalance Plattform 32146.55)";
pelik/2000028 Lexo;Sensitivität: DD % auf Realbasis-Proxy;—;0.09;info;Startbasis real ≈ 18740.0 statt 10000.0 — gleiche USD-DD, anderer Nenner;
pelik/2000028 Lexo;Sensitivität: Ertrag %/Monat auf Realbasis;—;1.9;info;Prod-Ertrag bezieht sich u. U. auf andere Basis;
pelik/2000028 Lexo;End-Balance USD;—;23406.59;info;Basis + Σ netto;
pelik/2000028 Lexo;Ertrag/Monat % (linear, eigene Basis);15.39928571;3.49;Def. vergleichen;38.4 Monate (2023-07-19–2026-09-29);
pelik/2000028 Lexo;Ertrag/Monat % (Median Monatsrenditen);—;1.48;info;Monats-PnL / Balance am Monatsanfang;
pelik/2000028 Lexo;Max. Verlustserie (Trades);11;20;±0;Summe -709.26 USD (Prod -30.26);
pelik/2000028 Lexo;Peak gleichzeitige Positionen;37;25;±0;Intervall-Überlappung;
pelik/2000028 Lexo;Peak Netto-Lots;-4.7;0.35;±0.02;signierte Summe am Positions-Peak;
pelik/2000028 Lexo;Martingale Median-Ratio;False;1.0;Schwelle 1.3;n=850;
pelik/2000028 Lexo;Trades mit S/L im Orderbuch;kein eindeutiges Stop-Niveau erkennbar — neutral;0/3296;vergleichen;S/L-Spalte != leer;
pelik/2000028 Lexo;Monitor-Trade-EQ-DD %;6.191754702810859;s. Sensitivitätszeilen;info;"Monitor wertet volle Trade-Kurve auf echter Basis; hier: virtuelle Kurve DD 0.27 % (30.0 USD)";
