Signal A;Signal B;r_Monat;n_Monate;r_Woche;n_Wochen
Gold Spike;Lexo;0.043;11;0.075;46
Gold Spike;🍋 Lemonal 🍋 t.me/lemonal1;0.195;9;0.211;35
Gold Spike;PentagonForex;0.033;11;0.14;47
Gold Spike;AccurateCopier;0.887;3;0.206;13
Gold Spike;SafeGold;0.77;11;0.224;42
Gold Spike;💎t.me/Mr_Profit_FX;0.096;11;0.035;44
Gold Spike;Gold Reaper New V2 2;0.705;11;0.856;45
Gold Spike;GoldWave signal;0.665;11;0.265;46
Gold Spike;Precise Pair Trading Pro;0.271;11;0.032;42
Gold Spike;EURUSD Night Scalper AI;-0.072;9;-0.199;36
Gold Spike;Combo Profile 2026;0.42;9;0.0;38
Gold Spike;Pure Gold 2000 Vantage;0.699;7;0.477;29
Gold Spike;The Holy Grail;-0.017;11;-0.07;46
Gold Spike;gemslime;0.29;9;-0.054;32
Gold Spike;GOLD Tokyo Scalping;0.797;7;0.43;29
Gold Spike;Master H4-2;-0.329;8;-0.037;30
Gold Spike;Master H4-1;-0.227;11;0.035;41
Gold Spike;ImpulseNet;0.025;11;-0.1;34
Gold Spike;Grid King $1000;0.361;11;-0.035;47
Gold Spike;MicroJump;0.398;11;0.219;43
Gold Spike;TKG;0.116;8;-0.059;31
Gold Spike;HRC Algo;-0.201;11;0.003;39
Lexo;🍋 Lemonal 🍋 t.me/lemonal1;0.625;9;0.086;35
Lexo;PentagonForex;-0.089;22;-0.1;92
Lexo;AccurateCopier;0.914;3;-0.115;13
Lexo;SafeGold;0.372;12;0.128;44
Lexo;💎t.me/Mr_Profit_FX;0.536;11;0.712;45
Lexo;Gold Reaper New V2 2;-0.126;24;-0.065;94
Lexo;GoldWave signal;0.015;17;0.063;65
Lexo;Precise Pair Trading Pro;0.269;13;0.171;50
Lexo;EURUSD Night Scalper AI;0.362;9;0.069;35
Lexo;Combo Profile 2026;0.198;9;0.15;38
Lexo;Pure Gold 2000 Vantage;-0.005;7;-0.134;28
Lexo;The Holy Grail;0.222;39;0.135;161
Lexo;gemslime;0.696;9;0.465;33
Lexo;GOLD Tokyo Scalping;0.288;7;0.359;29
Lexo;Master H4-2;-0.016;11;-0.15;40
Lexo;Master H4-1;-0.117;21;-0.012;80
Lexo;ImpulseNet;0.007;12;-0.072;38
Lexo;Grid King $1000;-0.546;22;-0.285;92
Lexo;MicroJump;0.615;12;0.352;46
Lexo;TKG;0.539;8;0.358;31
Lexo;HRC Algo;0.452;11;0.195;39
🍋 Lemonal 🍋 t.me/lemonal1;PentagonForex;0.746;9;0.456;36
🍋 Lemonal 🍋 t.me/lemonal1;AccurateCopier;-0.99;3;-0.669;13
🍋 Lemonal 🍋 t.me/lemonal1;SafeGold;0.191;9;0.4;34
🍋 Lemonal 🍋 t.me/lemonal1;💎t.me/Mr_Profit_FX;-0.16;9;-0.18;34
🍋 Lemonal 🍋 t.me/lemonal1;Gold Reaper New V2 2;-0.249;9;0.05;35
🍋 Lemonal 🍋 t.me/lemonal1;GoldWave signal;0.72;9;0.357;36
🍋 Lemonal 🍋 t.me/lemonal1;Precise Pair Trading Pro;0.406;9;0.381;35
🍋 Lemonal 🍋 t.me/lemonal1;EURUSD Night Scalper AI;0.364;9;-0.007;33
🍋 Lemonal 🍋 t.me/lemonal1;Combo Profile 2026;0.379;9;0.592;36
🍋 Lemonal 🍋 t.me/lemonal1;Pure Gold 2000 Vantage;0.308;7;0.578;28
🍋 Lemonal 🍋 t.me/lemonal1;The Holy Grail;0.238;9;-0.075;35
🍋 Lemonal 🍋 t.me/lemonal1;gemslime;0.988;8;0.232;29
🍋 Lemonal 🍋 t.me/lemonal1;GOLD Tokyo Scalping;0.499;7;0.359;30
🍋 Lemonal 🍋 t.me/lemonal1;Master H4-2;-0.408;6;-0.732;20
🍋 Lemonal 🍋 t.me/lemonal1;Master H4-1;0.6;9;0.108;32
🍋 Lemonal 🍋 t.me/lemonal1;ImpulseNet;0.289;9;0.311;26
🍋 Lemonal 🍋 t.me/lemonal1;Grid King $1000;-0.492;9;-0.251;36
🍋 Lemonal 🍋 t.me/lemonal1;MicroJump;0.853;9;0.284;33
🍋 Lemonal 🍋 t.me/lemonal1;TKG;0.987;6;0.035;23
🍋 Lemonal 🍋 t.me/lemonal1;HRC Algo;0.599;9;0.413;30
PentagonForex;AccurateCopier;-0.784;3;-0.326;14
PentagonForex;SafeGold;-0.0;12;-0.048;45
PentagonForex;💎t.me/Mr_Profit_FX;-0.366;11;-0.176;45
PentagonForex;Gold Reaper New V2 2;-0.05;22;0.058;88
PentagonForex;GoldWave signal;0.018;17;-0.056;66
PentagonForex;Precise Pair Trading Pro;-0.027;13;-0.035;50
PentagonForex;EURUSD Night Scalper AI;0.582;9;0.045;36
PentagonForex;Combo Profile 2026;0.327;9;0.316;39
PentagonForex;Pure Gold 2000 Vantage;0.042;7;0.004;29
PentagonForex;The Holy Grail;-0.182;22;-0.058;92
PentagonForex;gemslime;-0.228;9;0.078;33
PentagonForex;GOLD Tokyo Scalping;0.169;7;0.018;30
PentagonForex;Master H4-2;0.304;11;0.091;41
PentagonForex;Master H4-1;0.22;21;0.04;81
PentagonForex;ImpulseNet;-0.038;12;0.051;38
PentagonForex;Grid King $1000;0.042;22;0.044;93
PentagonForex;MicroJump;-0.045;12;-0.055;46
PentagonForex;TKG;-0.214;8;-0.082;31
PentagonForex;HRC Algo;0.086;11;0.017;40
AccurateCopier;SafeGold;0.919;3;0.416;14
AccurateCopier;💎t.me/Mr_Profit_FX;0.961;3;-0.045;13
AccurateCopier;Gold Reaper New V2 2;0.933;3;0.142;13
AccurateCopier;GoldWave signal;0.47;3;0.011;13
AccurateCopier;Precise Pair Trading Pro;0.695;3;0.033;13
AccurateCopier;EURUSD Night Scalper AI;-0.983;3;0.058;13
AccurateCopier;Combo Profile 2026;-0.293;3;-0.092;14
AccurateCopier;Pure Gold 2000 Vantage;0.805;3;0.179;13
AccurateCopier;The Holy Grail;0.729;3;0.353;14
AccurateCopier;gemslime;;2;0.455;6
AccurateCopier;GOLD Tokyo Scalping;0.663;3;-0.039;13
AccurateCopier;Master H4-2;0.177;3;-0.16;13
AccurateCopier;Master H4-1;-0.988;3;-0.677;12
AccurateCopier;ImpulseNet;-0.989;3;-0.126;9
AccurateCopier;Grid King $1000;0.995;3;0.139;14
AccurateCopier;MicroJump;-0.254;3;0.267;13
AccurateCopier;TKG;;0;;0
AccurateCopier;HRC Algo;-0.887;3;-0.401;13
SafeGold;💎t.me/Mr_Profit_FX;0.16;11;0.236;40
SafeGold;Gold Reaper New V2 2;0.443;12;-0.008;44
SafeGold;GoldWave signal;0.409;12;0.376;44
SafeGold;Precise Pair Trading Pro;0.414;12;0.082;42
SafeGold;EURUSD Night Scalper AI;-0.154;9;-0.051;34
SafeGold;Combo Profile 2026;0.679;9;0.483;37
SafeGold;Pure Gold 2000 Vantage;0.516;7;0.251;27
SafeGold;The Holy Grail;-0.129;12;-0.122;44
SafeGold;gemslime;0.231;9;0.091;29
SafeGold;GOLD Tokyo Scalping;0.506;7;-0.047;28
SafeGold;Master H4-2;-0.464;9;-0.52;30
SafeGold;Master H4-1;-0.099;12;-0.255;40
SafeGold;ImpulseNet;-0.329;12;0.061;32
SafeGold;Grid King $1000;0.413;12;0.133;45
SafeGold;MicroJump;0.228;12;0.099;41
SafeGold;TKG;-0.114;8;-0.129;26
SafeGold;HRC Algo;0.052;11;0.02;36
💎t.me/Mr_Profit_FX;Gold Reaper New V2 2;0.026;11;-0.025;42
💎t.me/Mr_Profit_FX;GoldWave signal;-0.393;11;0.09;44
💎t.me/Mr_Profit_FX;Precise Pair Trading Pro;-0.008;11;0.091;42
💎t.me/Mr_Profit_FX;EURUSD Night Scalper AI;-0.076;9;-0.071;34
💎t.me/Mr_Profit_FX;Combo Profile 2026;-0.305;9;-0.096;37
💎t.me/Mr_Profit_FX;Pure Gold 2000 Vantage;-0.079;7;-0.092;27
💎t.me/Mr_Profit_FX;The Holy Grail;0.615;11;0.196;44
💎t.me/Mr_Profit_FX;gemslime;0.509;9;0.293;32
💎t.me/Mr_Profit_FX;GOLD Tokyo Scalping;0.349;7;0.334;28
💎t.me/Mr_Profit_FX;Master H4-2;0.164;8;-0.048;28
💎t.me/Mr_Profit_FX;Master H4-1;-0.549;11;-0.099;39
💎t.me/Mr_Profit_FX;ImpulseNet;0.037;11;0.064;34
💎t.me/Mr_Profit_FX;Grid King $1000;0.16;11;0.105;45
💎t.me/Mr_Profit_FX;MicroJump;0.105;11;0.018;43
💎t.me/Mr_Profit_FX;TKG;0.648;8;0.301;30
💎t.me/Mr_Profit_FX;HRC Algo;-0.291;11;0.043;38
Gold Reaper New V2 2;GoldWave signal;-0.049;17;0.074;63
Gold Reaper New V2 2;Precise Pair Trading Pro;0.571;13;0.122;48
Gold Reaper New V2 2;EURUSD Night Scalper AI;-0.401;9;-0.173;36
Gold Reaper New V2 2;Combo Profile 2026;0.498;9;-0.029;38
Gold Reaper New V2 2;Pure Gold 2000 Vantage;0.661;7;0.457;29
Gold Reaper New V2 2;The Holy Grail;-0.25;24;-0.228;93
Gold Reaper New V2 2;gemslime;-0.106;9;-0.205;30
Gold Reaper New V2 2;GOLD Tokyo Scalping;0.29;7;0.33;29
Gold Reaper New V2 2;Master H4-2;-0.604;11;0.002;38
Gold Reaper New V2 2;Master H4-1;-0.345;21;-0.01;77
Gold Reaper New V2 2;ImpulseNet;-0.054;12;-0.096;35
Gold Reaper New V2 2;Grid King $1000;0.398;22;0.04;88
Gold Reaper New V2 2;MicroJump;0.014;12;0.14;44
Gold Reaper New V2 2;TKG;-0.267;8;-0.207;29
Gold Reaper New V2 2;HRC Algo;-0.281;11;-0.206;38
GoldWave signal;Precise Pair Trading Pro;-0.183;13;-0.114;48
GoldWave signal;EURUSD Night Scalper AI;-0.084;9;-0.41;35
GoldWave signal;Combo Profile 2026;0.636;9;0.29;38
GoldWave signal;Pure Gold 2000 Vantage;0.53;7;0.014;28
GoldWave signal;The Holy Grail;-0.08;17;-0.198;65
GoldWave signal;gemslime;0.504;9;0.081;33
GoldWave signal;GOLD Tokyo Scalping;0.574;7;0.3;30
GoldWave signal;Master H4-2;0.208;11;0.051;39
GoldWave signal;Master H4-1;0.457;17;0.052;60
GoldWave signal;ImpulseNet;-0.226;12;-0.06;38
GoldWave signal;Grid King $1000;0.205;17;0.084;65
GoldWave signal;MicroJump;-0.058;12;0.073;45
GoldWave signal;TKG;-0.014;8;0.009;31
GoldWave signal;HRC Algo;0.033;11;0.132;39
Precise Pair Trading Pro;EURUSD Night Scalper AI;-0.004;9;0.034;35
Precise Pair Trading Pro;Combo Profile 2026;0.651;9;0.55;38
Precise Pair Trading Pro;Pure Gold 2000 Vantage;0.412;7;-0.115;28
Precise Pair Trading Pro;The Holy Grail;0.23;13;0.121;49
Precise Pair Trading Pro;gemslime;0.306;9;0.239;32
Precise Pair Trading Pro;GOLD Tokyo Scalping;0.034;7;0.11;29
Precise Pair Trading Pro;Master H4-2;-0.613;10;-0.472;33
Precise Pair Trading Pro;Master H4-1;-0.276;13;-0.084;44
Precise Pair Trading Pro;ImpulseNet;0.02;12;0.168;33
Precise Pair Trading Pro;Grid King $1000;0.035;13;-0.31;50
Precise Pair Trading Pro;MicroJump;0.233;12;-0.02;41
Precise Pair Trading Pro;TKG;0.268;8;0.153;28
Precise Pair Trading Pro;HRC Algo;0.458;11;0.142;37
EURUSD Night Scalper AI;Combo Profile 2026;-0.348;9;0.177;36
EURUSD Night Scalper AI;Pure Gold 2000 Vantage;0.574;7;-0.044;28
EURUSD Night Scalper AI;The Holy Grail;0.77;9;0.38;36
EURUSD Night Scalper AI;gemslime;0.256;8;0.174;28
EURUSD Night Scalper AI;GOLD Tokyo Scalping;0.217;7;0.11;28
EURUSD Night Scalper AI;Master H4-2;0.552;6;-0.163;20
EURUSD Night Scalper AI;Master H4-1;0.443;9;-0.199;31
EURUSD Night Scalper AI;ImpulseNet;0.025;9;0.269;24
EURUSD Night Scalper AI;Grid King $1000;0.307;9;0.031;36
EURUSD Night Scalper AI;MicroJump;0.405;9;0.315;33
EURUSD Night Scalper AI;TKG;0.1;6;0.144;23
EURUSD Night Scalper AI;HRC Algo;0.748;9;0.2;30
Combo Profile 2026;Pure Gold 2000 Vantage;0.103;7;-0.103;29
Combo Profile 2026;The Holy Grail;-0.363;9;-0.195;38
Combo Profile 2026;gemslime;0.189;8;0.134;31
Combo Profile 2026;GOLD Tokyo Scalping;0.413;7;0.189;30
Combo Profile 2026;Master H4-2;-0.992;6;-0.906;22
Combo Profile 2026;Master H4-1;0.08;9;-0.218;34
Combo Profile 2026;ImpulseNet;0.144;9;0.314;27
Combo Profile 2026;Grid King $1000;-0.11;9;-0.089;39
Combo Profile 2026;MicroJump;0.361;9;0.087;36
Combo Profile 2026;TKG;-0.138;6;-0.04;25
Combo Profile 2026;HRC Algo;0.126;9;0.139;33
Pure Gold 2000 Vantage;The Holy Grail;0.424;7;0.035;28
Pure Gold 2000 Vantage;gemslime;0.381;6;-0.131;21
Pure Gold 2000 Vantage;GOLD Tokyo Scalping;0.582;7;0.474;28
Pure Gold 2000 Vantage;Master H4-2;-0.032;5;-0.05;17
Pure Gold 2000 Vantage;Master H4-1;0.15;7;0.065;24
Pure Gold 2000 Vantage;ImpulseNet;-0.252;7;0.245;19
Pure Gold 2000 Vantage;Grid King $1000;0.58;7;-0.237;29
Pure Gold 2000 Vantage;MicroJump;0.189;7;0.161;26
Pure Gold 2000 Vantage;TKG;0.296;4;-0.337;16
Pure Gold 2000 Vantage;HRC Algo;0.408;7;0.184;25
The Holy Grail;gemslime;0.456;9;0.487;32
The Holy Grail;GOLD Tokyo Scalping;0.561;7;0.06;29
The Holy Grail;Master H4-2;0.158;11;0.054;41
The Holy Grail;Master H4-1;-0.075;21;-0.193;79
The Holy Grail;ImpulseNet;0.407;12;0.398;37
The Holy Grail;Grid King $1000;-0.589;22;-0.364;92
The Holy Grail;MicroJump;0.43;12;0.245;45
The Holy Grail;TKG;0.495;8;0.472;30
The Holy Grail;HRC Algo;0.318;11;0.243;39
gemslime;GOLD Tokyo Scalping;0.671;6;0.223;23
gemslime;Master H4-2;-0.264;6;-0.372;17
gemslime;Master H4-1;0.285;9;0.098;30
gemslime;ImpulseNet;0.227;9;-0.006;24
gemslime;Grid King $1000;-0.424;9;-0.022;33
gemslime;MicroJump;0.84;9;0.482;30
gemslime;TKG;0.988;7;0.976;27
gemslime;HRC Algo;0.413;9;0.304;26
GOLD Tokyo Scalping;Master H4-2;0.378;5;0.11;18
GOLD Tokyo Scalping;Master H4-1;0.27;7;0.125;26
GOLD Tokyo Scalping;ImpulseNet;0.361;7;0.112;21
GOLD Tokyo Scalping;Grid King $1000;-0.079;7;-0.143;30
GOLD Tokyo Scalping;MicroJump;0.555;7;0.312;27
GOLD Tokyo Scalping;TKG;0.879;4;0.127;17
GOLD Tokyo Scalping;HRC Algo;0.007;7;0.186;25
Master H4-2;Master H4-1;0.27;11;0.453;38
Master H4-2;ImpulseNet;-0.209;9;-0.607;25
Master H4-2;Grid King $1000;0.142;11;0.025;40
Master H4-2;MicroJump;-0.178;9;0.084;30
Master H4-2;TKG;-0.043;5;-0.067;15
Master H4-2;HRC Algo;-0.046;8;-0.089;27
Master H4-1;ImpulseNet;0.017;12;-0.434;34
Master H4-1;Grid King $1000;0.235;21;0.047;80
Master H4-1;MicroJump;0.135;12;0.059;40
Master H4-1;TKG;0.359;8;0.12;28
Master H4-1;HRC Algo;0.593;11;0.125;35
ImpulseNet;Grid King $1000;-0.308;12;-0.133;38
ImpulseNet;MicroJump;0.446;12;-0.009;36
ImpulseNet;TKG;0.535;8;0.072;23
ImpulseNet;HRC Algo;-0.133;11;0.177;31
Grid King $1000;MicroJump;-0.237;12;-0.001;46
Grid King $1000;TKG;-0.614;8;-0.062;31
Grid King $1000;HRC Algo;-0.012;11;0.007;40
MicroJump;TKG;0.643;8;0.437;28
MicroJump;HRC Algo;0.312;11;0.37;37
TKG;HRC Algo;0.254;8;0.271;25
