Time;Type;Volume;Symbol;Price;Volume;Time;Price;Commission;Swap;Profit
2026.09.03 18:09:17;Sell;0.02;XAUUSD;4500.1;0.02;2026.09.03 18:34:40;4502.09;-0.14;;-3.98
2026.09.03 18:20:12;Sell;0.1;XAUUSD;4509.67;0.1;2026.09.03 18:34:03;4500.86;-0.7;;88.1
2026.09.03 18:15:51;Sell;0.1;XAUUSD;4504.61;0.1;2026.09.03 18:18:48;4507.49;-0.7;;-28.8
2026.09.03 18:05:53;Sell;0.1;XAUUSD;4498.77;0.1;2026.09.03 18:08:02;4500.26;-0.7;;-14.9
2026.09.03 17:44:22;Buy;0.2;XAUUSD;4474.07;0.2;2026.09.03 18:02:02;4486.47;-1.4;;248
2026.09.03 17:35:44;Sell;0.2;XAUUSD;4472.37;0.2;2026.09.03 17:43:33;4473.24;-1.4;;-17.4
2026.09.03 17:27:31;Buy;0.1;XAUUSD;4474.19;0.1;2026.09.03 17:33:57;4473.59;-0.7;;-6
2026.09.03 17:33:38;Buy;0.2;XAUUSD;4476.33;0.2;2026.09.03 17:33:55;4473.93;-1.4;;-48
2026.09.03 17:23:27;Buy;0.1;XAUUSD;4474.48;0.1;2026.09.03 17:26:52;4471.33;-0.7;;-31.5
2026.09.03 17:14:55;Buy;0.2;XAUUSD;4468.18;0.2;2026.09.03 17:18:38;4474.85;-1.4;;133.4
2026.09.03 17:12:31;Buy;0.1;XAUUSD;4468.98;0.1;2026.09.03 17:14:27;4465.26;-0.7;;-37.2
2026.09.03 17:14:17;Buy;0.4;XAUUSD;4467.53;0.4;2026.09.03 17:14:25;4465.84;-2.8;;-67.6
2026.09.03 17:11:21;Sell;0.1;XAUUSD;4462.2;0.1;2026.09.03 17:12:18;4467.52;-0.7;;-53.2
2026.09.03 17:10:08;Sell;0.1;XAUUSD;4464.19;0.1;2026.09.03 17:12:08;4466.84;-0.7;;-26.5
2026.09.03 17:00:30;Buy;0.1;XAUUSD;4466.66;0.1;2026.09.03 17:09:08;4463.37;-0.7;;-32.9
2026.09.03 17:01:34;Buy;0.1;XAUUSD;4464.49;0.1;2026.09.03 17:09:07;4463.5;-0.7;;-9.9
2026.09.03 16:59:10;Buy;0.05;XAUUSD;4467.48;0.05;2026.09.03 17:00:01;4464.33;-0.36;;-15.75
2026.09.03 16:47:13;Buy;0.1;XAUUSD;4462.02;0.1;2026.09.03 16:54:12;4459.685;-0.71;;-23.35
2026.09.03 16:46:14;Buy;0.1;XAUUSD;4465.96;0.1;2026.09.03 16:46:41;4463.12;-0.7;;-28.4
2026.09.03 16:09:29;Sell;0.05;XAUUSD;4488.2;0.05;2026.09.03 16:33:15;4478.44;-0.36;;48.8
2026.09.03 16:10:27;Sell;0.1;XAUUSD;4488.11;0.1;2026.09.03 16:19:04;4481.93;-0.7;;61.8
2026.09.03 16:05:20;Sell;0.05;XAUUSD;4489.99;0.05;2026.09.03 16:08:11;4491.37;-0.36;;-6.9
2026.09.03 15:56:27;Sell;0.05;XAUUSD;4491.25;0.05;2026.09.03 15:59:18;4494.09;-0.36;;-14.2
2026.09.03 15:51:28;Sell;0.02;XAUUSD;4480.69;0.02;2026.09.03 15:55:57;4493.97;-0.14;;-26.56
2026.09.03 15:55:02;Sell;0.1;XAUUSD;4490.6;0.1;2026.09.03 15:55:56;4493.83;-0.7;;-32.3
2026.09.03 15:38:55;Sell;0.05;XAUUSD;4476.95;0.05;2026.09.03 15:49:29;4479.47;-0.36;;-12.6
2026.09.03 15:10:43;Sell;0.02;XAUUSD;4449.83;0.02;2026.09.03 15:36:04;4461.55;-0.14;;-23.44
2026.09.03 15:28:55;Buy;0.05;XAUUSD;4447.47;0.05;2026.09.03 15:30:08;4462.2;-0.36;;73.65
2026.09.02 17:05:45;Sell;0.02;XAUUSD;4389.87;0.02;2026.09.02 17:54:40;4378.01;-0.14;;23.72
2026.09.02 17:23:35;Sell;0.05;XAUUSD;4389.04;0.05;2026.09.02 17:49:23;4380.01;-0.36;;45.15
2026.09.02 17:17:47;Sell;0.05;XAUUSD;4387.35;0.05;2026.09.02 17:19:08;4389.96;-0.36;;-13.05
2026.09.02 16:55:54;Buy;0.1;XAUUSD;4374.84;0.1;2026.09.02 16:59:02;4380.42;-0.7;;55.8
2026.09.02 16:03:12;Buy;0.05;XAUUSD;4340.49;0.05;2026.09.02 16:27:16;4355.27;-0.36;;73.9
2026.09.02 16:13:28;Buy;0.1;XAUUSD;4339.3;0.1;2026.09.02 16:26:47;4355.39;-0.7;;160.9
2026.09.02 16:00:34;Buy;0.1;XAUUSD;4336.93;0.1;2026.09.02 16:25:08;4347.4;-0.7;;104.7
2026.09.02 16:14:23;Buy;0.1;XAUUSD;4338.65;0.1;2026.09.02 16:25:01;4347.87;-0.7;;92.2
2026.09.02 15:40:44;Buy;0.05;XAUUSD;4333.71;0.05;2026.09.02 15:57:11;4332.32;-0.36;;-6.95
2026.09.02 15:51:13;Buy;0.1;XAUUSD;4336.6;0.1;2026.09.02 15:56:05;4333.14;-0.7;;-34.6
2026.09.02 15:47:21;Buy;0.1;XAUUSD;4333.87;0.1;2026.09.02 15:56:02;4333.2;-0.7;;-6.7
2026.09.02 15:53:26;Buy;0.2;XAUUSD;4334.1;0.2;2026.09.02 15:55:34;4333.17;-1.4;;-18.6
2026.09.02 15:52:07;Buy;0.2;XAUUSD;4334.91;0.2;2026.09.02 15:53:01;4333.17;-1.4;;-34.8
2026.09.02 15:46:40;Buy;0.1;XAUUSD;4334.53;0.1;2026.09.02 15:47:00;4331.95;-0.7;;-25.8
2026.09.02 15:33:32;Sell;0.1;XAUUSD;4334;0.1;2026.09.02 15:38:07;4329.41;-0.7;;45.9
2026.09.02 15:29:21;Buy;0.1;XAUUSD;4336.95;0.1;2026.09.02 15:32:31;4334.98;-0.7;;-19.7
2026.09.02 15:21:31;Buy;0.1;XAUUSD;4342.81;0.1;2026.09.02 15:28:37;4334.84;-0.71;;-79.7
2026.09.02 14:50:02;Buy;0.02;XAUUSD;4326.11;0.02;2026.09.02 15:28:37;4334.74;-0.14;;17.26
2026.09.02 15:21:57;Buy;0.2;XAUUSD;4336.71;0.2;2026.09.02 15:27:18;4336.48;-1.4;;-4.6
2026.09.02 15:18:44;Buy;0.1;XAUUSD;4334.03;0.1;2026.09.02 15:19:53;4332.03;-0.7;;-20
2026.09.02 15:19:19;Buy;0.2;XAUUSD;4333.31;0.2;2026.09.02 15:19:50;4332.18;-1.4;;-22.6
2026.09.02 15:15:21;Buy;0.1;XAUUSD;4333.04;0.1;2026.09.02 15:16:29;4330.89;-0.7;;-21.5
2026.09.02 15:11:43;Buy;0.1;XAUUSD;4333.15;0.1;2026.09.02 15:12:05;4330.71;-0.7;;-24.4
2026.09.02 15:04:31;Buy;0.1;XAUUSD;4333.79;0.1;2026.09.02 15:07:38;4332.69;-0.7;;-11
2026.09.01 17:12:40;Buy;0.1;XAUUSD;4363.26;0.1;2026.09.01 17:27:26;4368.95;-0.71;;56.900000000000006
2026.09.01 17:01:31;Sell;0.1;XAUUSD;4362.62;0.1;2026.09.01 17:03:39;4354.17;-0.7;;84.5
2026.09.01 16:06:22;Buy;0.05;XAUUSD;4337.54;0.05;2026.09.01 16:29:42;4343.07;-0.36;;27.65
2026.09.01 16:20:58;Buy;0.1;XAUUSD;4332.98;0.1;2026.09.01 16:26:58;4339.49;-0.7;;65.1
2026.09.01 16:20:19;Buy;0.1;XAUUSD;4333.96;0.1;2026.09.01 16:20:35;4332.47;-0.7;;-14.9
2026.09.01 16:12:51;Buy;0.05;XAUUSD;4330.15;0.05;2026.09.01 16:18:24;4327.89;-0.36;;-11.3
2026.09.01 16:10:24;Buy;0.1;XAUUSD;4331.74;0.1;2026.09.01 16:11:43;4329.07;-0.7;;-26.7
2026.09.01 16:04:05;Buy;0.05;XAUUSD;4338.64;0.05;2026.09.01 16:05:23;4336.18;-0.36;;-12.3
2026.09.01 16:01:18;Buy;0.05;XAUUSD;4349.27;0.05;2026.09.01 16:01:43;4345.21;-0.36;;-20.3
2026.09.01 15:57:38;Sell;0.1;XAUUSD;4361.02;0.1;2026.09.01 16:00:25;4352.77;-0.7;;82.5
2026.09.01 15:49:10;Buy;0.05;XAUUSD;4364.26;0.05;2026.09.01 15:56:12;4359.58;-0.36;;-23.4
2026.09.01 15:43:49;Sell;0.05;XAUUSD;4359.85;0.05;2026.09.01 15:45:17;4365.582;-0.36;;-28.659999999999997
2026.09.01 15:29:45;Sell;0.05;XAUUSD;4368.59;0.05;2026.09.01 15:36:15;4356.44;-0.36;;60.75
2026.09.01 15:20:19;Sell;0.05;XAUUSD;4369.3;0.05;2026.09.01 15:26:35;4371.67;-0.36;;-11.85
2026.08.31 17:27:02;Sell;0.05;XAUUSD;4419.23;0.05;2026.08.31 17:31:03;4424.04;-0.36;;-24.05
2026.08.31 16:33:46;Sell;0.05;XAUUSD;4441.41;0.05;2026.08.31 16:47:32;4427.01;-0.36;;72
2026.08.31 16:10:32;Sell;0.05;XAUUSD;4444.85;0.05;2026.08.31 16:44:38;4434.19;-0.36;;53.3
2026.08.31 16:30:59;Sell;0.1;XAUUSD;4443.21;0.1;2026.08.31 16:44:36;4433.81;-0.7;;94
2026.08.31 15:31:14;Sell;0.1;XAUUSD;4448.62;0.1;2026.08.31 16:44:05;4436.935;-0.71;;116.85
2026.08.31 16:21:20;Sell;0.05;XAUUSD;4442.24;0.05;2026.08.31 16:26:25;4445.44;-0.36;;-16
2026.08.31 16:22:13;Sell;0.1;XAUUSD;4442.21;0.1;2026.08.31 16:26:23;4445.41;-0.7;;-32
2026.08.31 16:05:19;Sell;0.1;XAUUSD;4437.24;0.1;2026.08.31 16:05:59;4438.57;-0.7;;-13.3
2026.08.31 15:55:29;Sell;0.1;XAUUSD;4437.2;0.1;2026.08.31 15:58:16;4438.35;-0.7;;-11.5
2026.08.31 14:56:46;Buy;0.05;XAUUSD;4455.06;0.05;2026.08.31 15:25:36;4448.49;-0.36;;-32.85
2026.08.31 15:21:40;Buy;0.2;XAUUSD;4451.72;0.2;2026.08.31 15:23:36;4450.8;-1.4;;-18.4
2026.08.31 15:18:04;Buy;0.1;XAUUSD;4458.08;0.1;2026.08.31 15:19:31;4456.65;-0.7;;-14.3
2026.08.31 15:19:03;Buy;0.1;XAUUSD;4458.48;0.1;2026.08.31 15:19:31;4456.81;-0.7;;-16.7
2026.08.31 15:12:24;Buy;0.1;XAUUSD;4457;0.1;2026.08.31 15:16:27;4455.49;-0.7;;-15.1
2026.08.31 15:09:47;Buy;0.1;XAUUSD;4456.57;0.1;2026.08.31 15:15:40;4455.65;-0.7;;-9.2
2026.08.31 01:11:15;Sell;0.1;XAUUSD;4455.86;0.1;2026.08.31 01:18:39;4457.86;-0.7;;-20
2026.08.31 01:04:10;Sell;0.1;XAUUSD;4444.81;0.1;2026.08.31 01:09:18;4453.405;-0.71;;-85.95
2026.08.28 17:06:52;Buy;0.02;XAUUSD;4559.31;0.02;2026.08.28 17:39:29;4570.14;-0.14;;21.66
2026.08.28 17:25:10;Sell;0.1;XAUUSD;4555.84;0.1;2026.08.28 17:26:35;4546.71;-0.7;;91.3
2026.08.28 17:06:16;Buy;0.1;XAUUSD;4557.22;0.1;2026.08.28 17:06:39;4552.95;-0.7;;-42.7
2026.08.28 16:24:52;Buy;0.2;XAUUSD;4600.71;0.2;2026.08.28 16:58:13;4622.36;-1.4;;433
2026.08.28 16:24:47;Buy;0.2;XAUUSD;4599.78;0.2;2026.08.28 16:49:21;4609.54;-1.4;;195.2
2026.08.28 16:41:57;Buy;0.2;XAUUSD;4603.29;0.2;2026.08.28 16:45:47;4606.12;-1.4;;56.6
2026.08.28 16:41:06;Buy;0.1;XAUUSD;4604;0.1;2026.08.28 16:41:31;4602.03;-0.7;;-19.7
2026.08.28 16:33:12;Buy;0.4;XAUUSD;4601.21;0.4;2026.08.28 16:38:01;4601.13;-2.8;;-3.2
2026.08.28 16:26:09;Buy;0.2;XAUUSD;4600.78;0.2;2026.08.28 16:31:58;4600.16;-1.4;;-12.4
2026.08.28 16:24:16;Sell;0.1;XAUUSD;4596.48;0.1;2026.08.28 16:24:49;4600.39;-0.7;;-39.1
2026.08.28 16:23:01;Sell;0.1;XAUUSD;4596.72;0.1;2026.08.28 16:24:34;4598.84;-0.7;;-21.2
2026.08.28 16:19:57;Buy;0.1;XAUUSD;4599.26;0.1;2026.08.28 16:22:59;4597.03;-0.7;;-22.3
2026.08.28 16:21:03;Buy;0.1;XAUUSD;4599.33;0.1;2026.08.28 16:22:58;4597.04;-0.7;;-22.9
2026.08.28 16:21:04;Buy;0.1;XAUUSD;4599.45;0.1;2026.08.28 16:22:19;4597.78;-0.7;;-16.7
2026.08.28 16:21:04;Buy;0.1;XAUUSD;4599.75;0.1;2026.08.28 16:22:19;4597.82;-0.7;;-19.3
2026.08.28 16:17:07;Sell;0.1;XAUUSD;4596.32;0.1;2026.08.28 16:21:00;4599.41;-0.7;;-30.9
2026.08.28 16:02:23;Buy;0.1;XAUUSD;4598.42;0.1;2026.08.28 16:15:53;4595.2;-0.7;;-32.2
2026.08.28 15:58:29;Buy;0.05;XAUUSD;4602.01;0.05;2026.08.28 16:15:52;4595;-0.36;;-35.05
2026.08.28 16:00:44;Buy;0.1;XAUUSD;4599.66;0.1;2026.08.28 16:15:49;4595.28;-0.7;;-43.8
2026.08.28 16:02:12;Buy;0.1;XAUUSD;4598.82;0.1;2026.08.28 16:15:40;4595.92;-0.7;;-29
2026.08.28 15:40:59;Sell;0.04;XAUUSD;4589.9;0.04;2026.08.28 15:55:36;4600.75;-0.28;;-43.4
2026.08.28 15:47:33;Sell;0.06;XAUUSD;4590.92;0.06;2026.08.28 15:55:04;4597.2;-0.42;;-37.68
2026.08.28 15:32:21;Sell;0.1;XAUUSD;4595.93;0.1;2026.08.28 15:55:02;4596.84;-0.7;;-9.1
2026.08.28 15:28:23;Buy;0.05;XAUUSD;4602.17;0.05;2026.08.28 15:32:14;4596.33;-0.36;;-29.2
2026.08.28 15:31:07;Buy;0.1;XAUUSD;4599.14;0.1;2026.08.28 15:32:13;4596.27;-0.7;;-28.7
2026.08.28 15:21:01;Sell;0.1;XAUUSD;4598.22;0.1;2026.08.28 15:25:05;4601.98;-0.71;;-37.6
2026.08.28 15:16:03;Sell;0.1;XAUUSD;4592.66;0.1;2026.08.28 15:19:19;4594.95;-0.7;;-22.9
2026.08.28 15:10:51;Sell;0.1;XAUUSD;4592.88;0.1;2026.08.28 15:11:32;4594.35;-0.7;;-14.7
2026.08.28 10:11:11;Buy;0.02;XAUUSD;4597.81;0.02;2026.08.28 14:48:02;4594.95;-0.14;;-5.72
2026.08.28 10:08:46;Buy;0.02;XAUUSD;4601.64;0.02;2026.08.28 13:48:40;4601.33;-0.14;;-0.62
2026.08.28 10:02:19;Buy;0.02;XAUUSD;4608.87;0.02;2026.08.28 10:36:48;4613.35;-0.14;;8.96
2026.08.28 10:06:28;Buy;0.1;XAUUSD;4605.66;0.1;2026.08.28 10:07:05;4604.41;-0.7;;-12.5
2026.08.27 18:35:31;Buy;0.05;XAUUSD;4597.4;0.05;2026.08.27 18:42:11;4603.64;-0.36;;31.2
2026.08.27 18:13:19;Buy;0.1;XAUUSD;4594.09;0.1;2026.08.27 18:14:50;4592.19;-0.7;;-19
2026.08.27 18:05:34;Buy;0.1;XAUUSD;4593.14;0.1;2026.08.27 18:07:15;4592.4;-0.7;;-7.4
2026.08.27 17:51:55;Buy;0.1;XAUUSD;4591.96;0.1;2026.08.27 17:53:19;4591.3;-0.7;;-6.6
2026.08.27 17:21:20;Sell;0.04;XAUUSD;4581.59;0.04;2026.08.27 17:30:37;4585.03;-0.28;;-13.76
2026.08.27 17:28:25;Sell;0.1;XAUUSD;4577.79;0.1;2026.08.27 17:28:58;4579.04;-0.7;;-12.5
2026.08.27 17:15:11;Sell;0.1;XAUUSD;4573.79;0.1;2026.08.27 17:15:36;4576.04;-0.7;;-22.5
2026.08.27 16:56:51;Sell;0.1;XAUUSD;4574.81;0.1;2026.08.27 17:04:23;4574.33;-0.7;;4.8
2026.08.27 16:34:34;Sell;0.02;XAUUSD;4578.04;0.02;2026.08.27 16:50:11;4578.51;-0.14;;-0.94
2026.08.27 16:34:33;Sell;0.02;XAUUSD;4578.12;0.02;2026.08.27 16:48:41;4568.95;-0.14;;18.34
2026.08.27 16:33:01;Sell;0.1;XAUUSD;4583.3;0.1;2026.08.27 16:48:29;4568.92;-0.7;;143.8
2026.08.27 16:31:18;Sell;0.1;XAUUSD;4587.53;0.1;2026.08.27 16:41:18;4574.08;-0.7;;134.5
2026.08.27 16:31:07;Sell;0.1;XAUUSD;4589.08;0.1;2026.08.27 16:35:13;4577.25;-0.7;;118.3
2026.08.27 16:31:17;Sell;0.1;XAUUSD;4587.7;0.1;2026.08.27 16:35:10;4576.75;-0.7;;109.5
2026.08.27 16:35:00;Buy;0.02;XAUUSD;4575.92;0.02;2026.08.27 16:35:03;4575.1;-0.14;;-1.6400000000000001
2026.08.27 16:34:34;Sell;0.02;XAUUSD;4577.7;0.02;2026.08.27 16:34:36;4577.86;-0.14;;-0.32
2026.08.27 16:33:24;Sell;0.02;XAUUSD;4583.07;0.02;2026.08.27 16:33:50;4584.5;-0.14;;-2.86
2026.08.27 16:33:33;Sell;0.02;XAUUSD;4582.25;0.02;2026.08.27 16:33:49;4584.28;-0.14;;-4.06
2026.08.27 16:29:50;Sell;0.1;XAUUSD;4588.51;0.1;2026.08.27 16:30:24;4592.93;-0.7;;-44.2
2026.08.27 16:10:10;Sell;0.02;XAUUSD;4586.47;0.02;2026.08.27 16:27:20;4593.12;-0.14;;-13.3
2026.08.27 16:04:44;Sell;0.06;XAUUSD;4589.43;0.06;2026.08.27 16:26:50;4592.13;-0.42;;-16.2
2026.08.27 15:55:47;Sell;0.02;XAUUSD;4584.3;0.02;2026.08.27 16:26:50;4591.98;-0.14;;-15.36
2026.08.27 16:24:04;Sell;0.1;XAUUSD;4586.81;0.1;2026.08.27 16:25:08;4587.82;-0.7;;-10.1
2026.08.27 16:23:14;Sell;0.1;XAUUSD;4586.39;0.1;2026.08.27 16:23:32;4587.79;-0.7;;-14
2026.08.27 16:23:14;Sell;0.1;XAUUSD;4586.38;0.1;2026.08.27 16:23:31;4587.84;-0.7;;-14.6
2026.08.27 16:23:15;Sell;0.1;XAUUSD;4586.31;0.1;2026.08.27 16:23:31;4588.23;-0.7;;-19.2
2026.08.27 16:18:25;Sell;0.1;XAUUSD;4587.06;0.1;2026.08.27 16:22:32;4588.03;-0.7;;-9.7
2026.08.27 16:21:33;Sell;0.1;XAUUSD;4586.87;0.1;2026.08.27 16:22:28;4587.9;-0.7;;-10.3
2026.08.27 16:22:09;Sell;0.1;XAUUSD;4586.84;0.1;2026.08.27 16:22:28;4588.16;-0.7;;-13.2
2026.08.27 16:21:34;Sell;0.1;XAUUSD;4586.83;0.1;2026.08.27 16:21:46;4588.23;-0.7;;-14
2026.08.27 16:18:30;Sell;0.1;XAUUSD;4586.51;0.1;2026.08.27 16:21:03;4588.21;-0.7;;-17
2026.08.27 16:19:27;Sell;0.1;XAUUSD;4586.43;0.1;2026.08.27 16:21:02;4588.02;-0.7;;-15.9
2026.08.27 16:16:02;Sell;0.1;XAUUSD;4586.33;0.1;2026.08.27 16:18:13;4588.56;-0.7;;-22.3
2026.08.27 16:16:38;Sell;0.1;XAUUSD;4585.65;0.1;2026.08.27 16:18:12;4588.48;-0.7;;-28.3
2026.08.27 15:30:16;Buy;0.1;XAUUSD;4595.78;0.1;2026.08.27 15:37:09;4592.025;-0.71;;-37.55
2026.08.27 15:32:48;Buy;0.1;XAUUSD;4595.73;0.1;2026.08.27 15:34:14;4594.32;-0.7;;-14.1
2026.08.27 15:33:17;Buy;0.1;XAUUSD;4595.76;0.1;2026.08.27 15:34:03;4594.63;-0.7;;-11.3
2026.08.27 15:06:42;Buy;0.1;XAUUSD;4594.11;0.1;2026.08.27 15:28:55;4593.47;-0.7;;-6.4
2026.08.27 15:26:01;Buy;0.1;XAUUSD;4596.01;0.1;2026.08.27 15:28:36;4594.09;-0.7;;-19.2
2026.08.27 11:14:14;Sell;0.02;XAUUSD;4603.46;0.02;2026.08.27 13:39:16;4578.56;-0.14;;49.8
2026.08.27 13:33:09;Sell;0.1;XAUUSD;4580.35;0.1;2026.08.27 13:37:48;4578.33;-0.7;;20.2
2026.08.26 18:06:57;Buy;0.1;XAUUSD;4590.72;0.1;2026.08.26 18:09:36;4598.29;-0.7;;75.7
2026.08.26 18:06:18;Buy;0.1;XAUUSD;4590.26;0.1;2026.08.26 18:06:32;4588.35;-0.7;;-19.1
2026.08.26 17:47:07;Sell;0.1;XAUUSD;4614.63;0.1;2026.08.26 17:54:55;4607.61;-0.7;;70.2
2026.08.26 17:26:54;Sell;0.1;XAUUSD;4618.55;0.1;2026.08.26 17:42:03;4622.31;-0.7;;-37.6
2026.08.26 17:41:11;Sell;0.1;XAUUSD;4620.17;0.1;2026.08.26 17:41:55;4621.71;-0.7;;-15.4
2026.08.26 17:02:29;Buy;0.1;XAUUSD;4625.08;0.1;2026.08.26 17:23:35;4620.93;-0.71;;-41.5
2026.08.26 17:15:58;Buy;0.1;XAUUSD;4620.56;0.1;2026.08.26 17:23:34;4622.38;-0.7;;18.2
2026.08.26 17:20:49;Buy;0.1;XAUUSD;4623.81;0.1;2026.08.26 17:23:33;4622.49;-0.7;;-13.2
2026.08.26 16:31:25;Sell;0.05;XAUUSD;4615.68;0.05;2026.08.26 16:44:06;4620.83;-0.36;;-25.75
2026.08.26 16:43:19;Sell;0.1;XAUUSD;4618.53;0.1;2026.08.26 16:43:36;4620.8;-0.7;;-22.7
2026.08.26 16:34:49;Sell;0.1;XAUUSD;4617.49;0.1;2026.08.26 16:42:21;4619.22;-0.7;;-17.3
2026.08.26 16:25:13;Sell;0.1;XAUUSD;4609;0.1;2026.08.26 16:29:00;4610.29;-0.7;;-12.9
2026.08.26 16:21:10;Sell;0.1;XAUUSD;4607.91;0.1;2026.08.26 16:23:09;4610.84;-0.7;;-29.3
2026.08.26 16:15:56;Sell;0.1;XAUUSD;4609.57;0.1;2026.08.26 16:19:03;4611.41;-0.7;;-18.4
2026.08.26 16:03:14;Sell;0.1;XAUUSD;4618.86;0.1;2026.08.26 16:16:16;4601.69;-0.7;;171.7
2026.08.26 16:15:45;Sell;0.1;XAUUSD;4610.83;0.1;2026.08.26 16:16:13;4599.58;-0.7;;112.5
2026.08.26 16:12:15;Sell;0.1;XAUUSD;4610.57;0.1;2026.08.26 16:16:10;4599.51;-0.7;;110.6
2026.08.26 16:04:19;Sell;0.1;XAUUSD;4613.78;0.1;2026.08.26 16:16:03;4599.38;-0.7;;144
2026.08.26 15:53:31;Sell;0.1;XAUUSD;4619.74;0.1;2026.08.26 16:14:16;4612.59;-0.7;;71.5
2026.08.26 16:07:31;Sell;0.1;XAUUSD;4611.64;0.1;2026.08.26 16:14:10;4612.68;-0.7;;-10.4
2026.08.26 16:08:26;Sell;0.1;XAUUSD;4610.86;0.1;2026.08.26 16:12:08;4611.54;-0.7;;-6.8
2026.08.26 16:04:18;Sell;0.1;XAUUSD;4613.47;0.1;2026.08.26 16:06:10;4614.67;-0.7;;-12
2026.08.26 15:52:21;Sell;0.1;XAUUSD;4620.7;0.1;2026.08.26 16:02:31;4620.89;-0.7;;-1.9
2026.08.26 15:52:34;Sell;0.1;XAUUSD;4620.18;0.1;2026.08.26 16:02:22;4620.26;-0.7;;-0.8
2026.08.26 15:51:32;Buy;0.1;XAUUSD;4625.65;0.1;2026.08.26 15:52:16;4621.13;-0.7;;-45.2
2026.08.26 15:46:22;Sell;0.1;XAUUSD;4619.85;0.1;2026.08.26 15:48:50;4623.68;-0.7;;-38.3
2026.08.26 15:46:14;Sell;0.1;XAUUSD;4621.5;0.1;2026.08.26 15:48:46;4622.53;-0.7;;-10.3
2026.08.26 15:45:06;Sell;0.1;XAUUSD;4621.9;0.1;2026.08.26 15:45:16;4624.53;-0.7;;-26.3
2026.08.26 15:45:07;Sell;0.1;XAUUSD;4621.61;0.1;2026.08.26 15:45:15;4624.36;-0.7;;-27.5
2026.08.26 15:38:38;Sell;0.1;XAUUSD;4620.62;0.1;2026.08.26 15:44:04;4624.91;-0.7;;-42.9
2026.08.26 15:38:34;Sell;0.1;XAUUSD;4620.82;0.1;2026.08.26 15:43:53;4624.13;-0.7;;-33.1
2026.08.26 15:31:15;Sell;0.1;XAUUSD;4619.93;0.1;2026.08.26 15:37:34;4625.79;-0.7;;-58.6
2026.08.26 15:36:25;Sell;0.05;XAUUSD;4619.4;0.05;2026.08.26 15:37:25;4624.11;-0.36;;-23.55
2026.08.26 15:26:26;Buy;0.1;XAUUSD;4628.59;0.1;2026.08.26 15:30:09;4621.24;-0.7;;-73.5
2026.08.26 15:22:02;Buy;0.1;XAUUSD;4627.78;0.1;2026.08.26 15:22:54;4626.74;-0.7;;-10.4
2026.08.25 19:25:01;Buy;0.05;XAUUSD;4640.77;0.05;2026.08.25 20:08:42;4637.936;-0.36;;-14.17
2026.08.25 18:27:28;Buy;0.1;XAUUSD;4638.81;0.1;2026.08.25 18:34:10;4648.63;-0.7;;98.2
2026.08.25 18:06:11;Buy;0.05;XAUUSD;4632.07;0.05;2026.08.25 18:21:09;4641.74;-0.36;;48.35
2026.08.25 17:30:52;Sell;0.1;XAUUSD;4621.23;0.1;2026.08.25 17:31:52;4625.2;-0.7;;-39.7
2026.08.25 17:10:56;Sell;0.1;XAUUSD;4625.25;0.1;2026.08.25 17:24:18;4623.955;-0.71;;12.950000000000001
2026.08.25 17:23:23;Sell;0.1;XAUUSD;4620.99;0.1;2026.08.25 17:24:17;4624.09;-0.7;;-31
2026.08.25 16:55:03;Sell;0.1;XAUUSD;4607.36;0.1;2026.08.25 16:55:27;4608.78;-0.7;;-14.2
2026.08.25 16:52:10;Sell;0.1;XAUUSD;4606.84;0.1;2026.08.25 16:52:55;4608.71;-0.7;;-18.7
2026.08.25 16:41:51;Sell;0.1;XAUUSD;4615.39;0.1;2026.08.25 16:50:51;4610.5;-0.7;;48.9
2026.08.25 16:50:26;Sell;0.1;XAUUSD;4606.93;0.1;2026.08.25 16:50:36;4609.27;-0.7;;-23.4
2026.08.25 16:40:05;Sell;0.1;XAUUSD;4616.48;0.1;2026.08.25 16:40:22;4618.92;-0.7;;-24.4
2026.08.25 16:37:29;Sell;0.1;XAUUSD;4615.75;0.1;2026.08.25 16:38:17;4618.01;-0.7;;-22.6
2026.08.25 16:06:21;Sell;0.05;XAUUSD;4631.52;0.05;2026.08.25 16:23:02;4615.05;-0.36;;82.35
2026.08.25 16:01:27;Sell;0.05;XAUUSD;4634.54;0.05;2026.08.25 16:23:02;4615.8;-0.36;;93.7
2026.08.25 16:13:05;Sell;0.1;XAUUSD;4631.42;0.1;2026.08.25 16:15:40;4624.57;-0.7;;68.5
2026.08.25 15:48:00;Buy;0.1;XAUUSD;4639.21;0.1;2026.08.25 16:00:17;4635.76;-0.7;;-34.5
2026.08.25 15:38:40;Sell;0.1;XAUUSD;4633.44;0.1;2026.08.25 15:40:46;4634.3;-0.7;;-8.6
2026.08.25 15:14:51;Sell;0.1;XAUUSD;4638.61;0.1;2026.08.25 15:40:46;4634.31;-0.7;;43
2026.08.25 15:35:20;Sell;0.1;XAUUSD;4633.65;0.1;2026.08.25 15:40:45;4633.82;-0.7;;-1.7
2026.08.25 15:37:30;Sell;0.1;XAUUSD;4633.35;0.1;2026.08.25 15:38:14;4634.05;-0.7;;-7
2026.08.25 15:07:03;Sell;0.1;XAUUSD;4636.77;0.1;2026.08.25 15:28:38;4639.23;-0.71;;-24.6
2026.08.24 18:38:15;Sell;0.1;XAUUSD;4670.35;0.1;2026.08.24 18:50:07;4650.925;-0.71;;194.25
2026.08.24 18:36:22;Buy;0.1;XAUUSD;4674.52;0.1;2026.08.24 18:37:57;4671.71;-0.7;;-28.1
2026.08.24 18:35:51;Buy;0.1;XAUUSD;4673.66;0.1;2026.08.24 18:37:53;4672.64;-0.7;;-10.2
2026.08.24 18:33:26;Buy;0.1;XAUUSD;4673.7;0.1;2026.08.24 18:35:08;4671.87;-0.7;;-18.3
2026.08.24 18:33:27;Buy;0.1;XAUUSD;4673.78;0.1;2026.08.24 18:34:53;4671.95;-0.7;;-18.3
2026.08.24 18:31:58;Buy;0.1;XAUUSD;4674.11;0.1;2026.08.24 18:32:24;4670.23;-0.7;;-38.8
2026.08.24 18:26:54;Buy;0.1;XAUUSD;4673.32;0.1;2026.08.24 18:32:19;4672.53;-0.7;;-7.9
2026.08.24 18:27:12;Buy;0.05;XAUUSD;4674.93;0.05;2026.08.24 18:32:19;4672.39;-0.36;;-12.7
2026.08.24 18:24:13;Sell;0.05;XAUUSD;4668.94;0.05;2026.08.24 18:25:19;4671.17;-0.36;;-11.15
2026.08.24 18:02:20;Buy;0.1;XAUUSD;4668.68;0.1;2026.08.24 18:21:17;4670.57;-0.7;;18.9
2026.08.24 18:18:39;Buy;0.1;XAUUSD;4673.58;0.1;2026.08.24 18:21:14;4670.9;-0.7;;-26.8
2026.08.24 18:06:37;Buy;0.05;XAUUSD;4674.87;0.05;2026.08.24 18:15:34;4671.52;-0.36;;-16.75
2026.08.24 18:10:53;Buy;0.1;XAUUSD;4672.42;0.1;2026.08.24 18:15:33;4671.63;-0.7;;-7.9
2026.08.24 17:55:45;Buy;0.1;XAUUSD;4668.38;0.1;2026.08.24 18:00:44;4667.04;-0.7;;-13.4
2026.08.24 17:50:29;Sell;0.02;XAUUSD;4662.57;0.02;2026.08.24 17:56:28;4670.25;-0.14;;-15.36
2026.08.24 17:53:47;Sell;0.05;XAUUSD;4664.42;0.05;2026.08.24 17:55:49;4668.68;-0.36;;-21.3
2026.08.24 17:31:49;Buy;0.02;XAUUSD;4673.12;0.02;2026.08.24 17:49:42;4667.85;-0.14;;-10.54
2026.08.24 17:15:28;Sell;0.05;XAUUSD;4663.06;0.05;2026.08.24 17:20:11;4665.84;-0.36;;-13.9
2026.08.24 17:11:53;Sell;0.05;XAUUSD;4663.89;0.05;2026.08.24 17:14:13;4667.47;-0.36;;-17.9
2026.08.24 16:55:24;Sell;0.1;XAUUSD;4667.76;0.1;2026.08.24 17:09:11;4668.19;-0.7;;-4.3
2026.08.24 16:50:31;Buy;0.1;XAUUSD;4673.43;0.1;2026.08.24 16:51:53;4669.57;-0.7;;-38.6
2026.08.24 16:38:39;Sell;0.02;XAUUSD;4669.68;0.02;2026.08.24 16:47:29;4673.91;-0.14;;-8.46
2026.08.24 15:48:45;Buy;0.05;XAUUSD;4660.8;0.05;2026.08.24 16:12:16;4676.72;-0.36;;79.6
2026.08.24 15:35:50;Buy;0.1;XAUUSD;4658.46;0.1;2026.08.24 15:43:05;4658.16;-0.7;;-3
2026.08.24 15:23:23;Buy;0.02;XAUUSD;4659.19;0.02;2026.08.24 15:32:58;4648.22;-0.14;;-21.94
2026.08.24 15:06:06;Buy;0.02;XAUUSD;4652.25;0.02;2026.08.24 15:32:57;4645.31;-0.14;;-13.88
2026.08.24 15:26:34;Buy;0.1;XAUUSD;4657.08;0.1;2026.08.24 15:32:36;4658.975;-0.71;;18.950000000000003
2026.08.24 15:15:31;Buy;0.1;XAUUSD;4656.38;0.1;2026.08.24 15:18:45;4654;-0.7;;-23.8
2026.08.24 01:02:26;Buy;0.1;XAUUSD;4608.56;0.1;2026.08.24 01:24:24;4617.08;-0.71;;85.2
2026.08.24 01:18:08;Buy;0.1;XAUUSD;4613.94;0.1;2026.08.24 01:21:35;4620.06;-0.7;;61.2
2026.08.20 19:16:18;Buy;0.02;XAUUSD;4509.19;0.02;2026.08.20 20:12:06;4508.62;-0.14;;-1.1400000000000001
2026.08.20 19:45:51;Buy;0.1;XAUUSD;4509.11;0.1;2026.08.20 19:57:17;4508.96;-0.7;;-1.5
2026.08.20 19:41:28;Buy;0.1;XAUUSD;4509.8;0.1;2026.08.20 19:43:06;4507.97;-0.7;;-18.3
2026.08.20 18:55:43;Buy;0.1;XAUUSD;4519.16;0.1;2026.08.20 18:59:18;4523.42;-0.7;;42.6
2026.08.20 18:52:13;Buy;0.1;XAUUSD;4519.52;0.1;2026.08.20 18:52:24;4517.4;-0.7;;-21.2
2026.08.20 18:11:38;Buy;0.1;XAUUSD;4523.25;0.1;2026.08.20 18:14:29;4534.82;-0.7;;115.7
2026.08.20 16:41:19;Buy;0.1;XAUUSD;4479.86;0.1;2026.08.20 17:50:49;4494.355;-0.71;;144.95000000000002
2026.08.20 17:28:31;Buy;0.1;XAUUSD;4489.39;0.1;2026.08.20 17:49:19;4505.53;-0.7;;161.4
2026.08.20 17:46:20;Buy;0.3;XAUUSD;4502.5;0.3;2026.08.20 17:49:17;4505.64;-2.1;;94.2
2026.08.20 17:22:25;Buy;0.1;XAUUSD;4487.97;0.1;2026.08.20 17:39:57;4495.57;-0.7;;76
2026.08.20 17:36:23;Buy;0.3;XAUUSD;4498.13;0.3;2026.08.20 17:37:49;4497.39;-2.1;;-22.2
2026.08.20 17:21:03;Buy;0.1;XAUUSD;4487.24;0.1;2026.08.20 17:28:08;4487.12;-0.7;;-1.2
2026.08.20 17:20:54;Buy;0.1;XAUUSD;4486.36;0.1;2026.08.20 17:27:51;4487.62;-0.7;;12.6
2026.08.20 17:17:04;Buy;0.1;XAUUSD;4488.02;0.1;2026.08.20 17:19:39;4484.5;-0.7;;-35.2
2026.08.20 17:16:03;Buy;0.1;XAUUSD;4487.03;0.1;2026.08.20 17:19:31;4485.15;-0.7;;-18.8
2026.08.20 17:15:25;Buy;0.1;XAUUSD;4486.09;0.1;2026.08.20 17:17:49;4486.81;-0.7;;7.2
2026.08.20 17:15:36;Buy;0.1;XAUUSD;4486.54;0.1;2026.08.20 17:15:53;4484.53;-0.7;;-20.1
2026.08.20 17:11:47;Buy;0.1;XAUUSD;4487.53;0.1;2026.08.20 17:14:44;4484.23;-0.7;;-33
2026.08.20 17:11:44;Buy;0.1;XAUUSD;4486.42;0.1;2026.08.20 17:14:42;4484.64;-0.7;;-17.8
2026.08.20 17:08:54;Buy;0.1;XAUUSD;4485.56;0.1;2026.08.20 17:11:34;4484.64;-0.7;;-9.2
2026.08.20 17:10:59;Buy;0.1;XAUUSD;4487.01;0.1;2026.08.20 17:11:33;4484.51;-0.7;;-25
2026.08.20 17:06:28;Buy;0.1;XAUUSD;4486.16;0.1;2026.08.20 17:07:02;4483.11;-0.7;;-30.5
2026.08.20 17:00:56;Buy;0.05;XAUUSD;4488.46;0.05;2026.08.20 17:04:45;4482.73;-0.36;;-28.65
2026.08.20 17:04:11;Buy;0.1;XAUUSD;4485.48;0.1;2026.08.20 17:04:26;4483.44;-0.7;;-20.4
2026.08.20 16:55:02;Buy;0.1;XAUUSD;4486.34;0.1;2026.08.20 16:56:08;4483.79;-0.7;;-25.5
2026.08.20 16:55:37;Buy;0.1;XAUUSD;4484.57;0.1;2026.08.20 16:56:05;4483.97;-0.7;;-6
2026.08.20 16:53:10;Buy;0.1;XAUUSD;4486.37;0.1;2026.08.20 16:54:06;4483.02;-0.7;;-33.5
2026.08.20 16:09:15;Sell;0.05;XAUUSD;4474.34;0.05;2026.08.20 16:33:46;4475.83;-0.36;;-7.45
2026.08.20 16:33:08;Sell;0.1;XAUUSD;4471.24;0.1;2026.08.20 16:33:46;4475.51;-0.7;;-42.7
2026.08.20 16:31:41;Sell;0.1;XAUUSD;4472.02;0.1;2026.08.20 16:32:41;4473.91;-0.7;;-18.9
2026.08.20 16:30:57;Sell;0.1;XAUUSD;4473.05;0.1;2026.08.20 16:32:38;4473.5;-0.7;;-4.5
2026.08.20 16:10:39;Sell;0.1;XAUUSD;4475.25;0.1;2026.08.20 16:30:09;4476.91;-0.7;;-16.6
2026.08.20 15:51:39;Sell;0.05;XAUUSD;4473.23;0.05;2026.08.20 16:01:36;4479.134;-0.36;;-29.52
2026.08.20 15:28:15;Sell;0.05;XAUUSD;4459.69;0.05;2026.08.20 15:39:36;4460.69;-0.36;;-5
2026.08.20 15:07:07;Buy;0.02;XAUUSD;4453.15;0.02;2026.08.20 15:32:04;4454.43;-0.14;;2.56
2026.08.20 15:02:12;Buy;0.05;XAUUSD;4460.8;0.05;2026.08.20 15:06:18;4452.47;-0.36;;-41.65
2026.08.20 15:01:03;Buy;0.1;XAUUSD;4462.15;0.1;2026.08.20 15:01:59;4459.12;-0.7;;-30.3
2026.08.19 18:15:36;Buy;0.1;XAUUSD;4486.72;0.1;2026.08.19 18:18:38;4483.97;-0.7;;-27.5
2026.08.19 17:28:27;Sell;0.1;XAUUSD;4486.8;0.1;2026.08.19 17:30:13;4486.74;-0.7;;0.6
2026.08.19 17:01:05;Buy;0.1;XAUUSD;4457.26;0.1;2026.08.19 17:06:45;4462.97;-0.7;;57.1
2026.08.19 16:40:19;Sell;0.1;XAUUSD;4454.12;0.1;2026.08.19 16:41:06;4457.1;-0.7;;-29.8
2026.08.19 16:40:19;Sell;0.1;XAUUSD;4454.12;0.1;2026.08.19 16:40:27;4456.72;-0.7;;-26
2026.08.18 17:30:11;Sell;0.1;XAUUSD;4392.03;0.1;2026.08.18 17:59:05;4367.31;-0.7;;247.2
2026.08.18 17:12:49;Sell;0.1;XAUUSD;4392.97;0.1;2026.08.18 17:16:46;4399.79;-0.7;;-68.2
2026.08.18 17:06:33;Buy;0.1;XAUUSD;4398.42;0.1;2026.08.18 17:11:19;4394.04;-0.7;;-43.8
2026.08.18 16:53:11;Sell;0.1;XAUUSD;4391.87;0.1;2026.08.18 17:00:35;4399.61;-0.7;;-77.4
2026.08.18 16:23:23;Sell;0.2;XAUUSD;4388.38;0.2;2026.08.18 16:30:21;4379.43;-1.4;;179
2026.08.18 16:21:50;Sell;0.5;XAUUSD;4391.85;0.5;2026.08.18 16:30:19;4378.65;-3.5;;660
2026.08.18 16:20:07;Sell;0.2;XAUUSD;4391.05;0.2;2026.08.18 16:21:30;4393.185;-1.4;;-42.7
2026.08.18 16:17:15;Sell;0.2;XAUUSD;4389.07;0.2;2026.08.18 16:21:29;4392.375;-1.4;;-66.1
2026.08.18 16:16:41;Sell;0.2;XAUUSD;4391.56;0.2;2026.08.18 16:19:44;4392.63;-1.4;;-21.4
2026.08.18 16:15:41;Buy;0.2;XAUUSD;4394.11;0.2;2026.08.18 16:16:28;4392.04;-1.4;;-41.4
2026.08.18 16:15:14;Buy;0.1;XAUUSD;4395.14;0.1;2026.08.18 16:16:27;4391.98;-0.7;;-31.6
2026.08.18 16:07:32;Sell;0.1;XAUUSD;4391.94;0.1;2026.08.18 16:12:57;4394.69;-0.7;;-27.5
2026.08.18 16:10:05;Sell;0.1;XAUUSD;4388.88;0.1;2026.08.18 16:12:44;4394.55;-0.7;;-56.7
2026.08.18 16:04:23;Buy;0.1;XAUUSD;4396;0.1;2026.08.18 16:07:05;4393.45;-0.7;;-25.5
2026.08.18 16:06:34;Buy;0.3;XAUUSD;4395.35;0.3;2026.08.18 16:06:47;4393.51;-2.1;;-55.2
2026.08.18 16:01:07;Sell;0.1;XAUUSD;4390.62;0.1;2026.08.18 16:03:49;4396.01;-0.7;;-53.9
2026.08.18 15:55:08;Sell;0.1;XAUUSD;4392.32;0.1;2026.08.18 15:59:02;4395.66;-0.7;;-33.4
2026.08.18 15:48:52;Buy;0.1;XAUUSD;4395.22;0.1;2026.08.18 15:54:20;4392.5;-0.7;;-27.2
2026.08.18 15:40:26;Sell;0.1;XAUUSD;4391.1;0.1;2026.08.18 15:46:22;4394.8;-0.7;;-37
2026.08.18 15:32:16;Buy;0.2;XAUUSD;4394.9;0.2;2026.08.18 15:38:02;4393.07;-1.4;;-36.6
2026.08.18 15:29:37;Buy;0.1;XAUUSD;4395.57;0.1;2026.08.18 15:31:12;4392.61;-0.7;;-29.6
2026.08.18 15:24:51;Buy;0.2;XAUUSD;4395.58;0.2;2026.08.18 15:27:38;4392.11;-1.4;;-69.4
2026.08.18 15:25:34;Buy;0.2;XAUUSD;4394.23;0.2;2026.08.18 15:27:29;4392.91;-1.4;;-26.4
2026.08.18 15:17:34;Sell;0.2;XAUUSD;4391.99;0.2;2026.08.18 15:20:04;4393.86;-1.4;;-37.4
2026.08.18 15:16:30;Sell;0.2;XAUUSD;4392.26;0.2;2026.08.18 15:16:46;4393.63;-1.4;;-27.4
2026.08.18 15:08:14;Sell;0.1;XAUUSD;4392.77;0.1;2026.08.18 15:15:19;4393.75;-0.7;;-9.8
2026.08.18 15:00:58;Buy;0.2;XAUUSD;4393.67;0.2;2026.08.18 15:03:07;4392.58;-1.4;;-21.8
2026.08.18 14:51:28;Sell;0.1;XAUUSD;4392.46;0.1;2026.08.18 14:58:10;4395.2;-0.7;;-27.4
2026.08.14 16:03:04;Buy;0.02;XAUUSD;4374.43;0.02;2026.08.14 16:30:52;4385.66;-0.15000000000000002;;22.46
2026.08.14 16:16:17;Buy;0.1;XAUUSD;4378.13;0.1;2026.08.14 16:24:01;4384.52;-0.7;;63.9
2026.08.14 16:04:24;Buy;0.1;XAUUSD;4376.37;0.1;2026.08.14 16:14:53;4377.465;-0.71;;10.95
2026.08.14 16:02:10;Buy;0.1;XAUUSD;4374.82;0.1;2026.08.14 16:02:20;4372.98;-0.7;;-18.4
2026.08.13 20:16:55;Buy;0.1;XAUUSD;4369.57;0.1;2026.08.13 20:17:48;4366.79;-0.7;;-27.8
2026.08.13 17:33:46;Buy;0.05;XAUUSD;4375.8;0.05;2026.08.13 18:05:29;4381.964;-0.36;;30.82
2026.08.13 17:38:03;Buy;0.1;XAUUSD;4374.22;0.1;2026.08.13 17:45:23;4382.52;-0.7;;83
2026.08.13 17:27:59;Sell;0.1;XAUUSD;4370.6;0.1;2026.08.13 17:30:16;4359.28;-0.7;;113.2
2026.08.13 17:25:49;Buy;0.1;XAUUSD;4374.55;0.1;2026.08.13 17:27:15;4372.41;-0.7;;-21.4
2026.08.13 17:24:20;Sell;0.1;XAUUSD;4372.16;0.1;2026.08.13 17:25:01;4375.03;-0.7;;-28.7
2026.08.13 17:20:26;Buy;0.1;XAUUSD;4373.96;0.1;2026.08.13 17:23:49;4371.78;-0.7;;-21.8
2026.08.13 17:16:30;Sell;0.1;XAUUSD;4369.86;0.1;2026.08.13 17:17:04;4372.5;-0.7;;-26.4
2026.08.13 17:12:16;Sell;0.1;XAUUSD;4367.86;0.1;2026.08.13 17:13:03;4369.9;-0.7;;-20.4
2026.08.13 17:03:10;Sell;0.1;XAUUSD;4372.83;0.1;2026.08.13 17:05:03;4374.1;-0.7;;-12.7
2026.08.13 16:49:41;Sell;0.1;XAUUSD;4378.72;0.1;2026.08.13 16:52:22;4373.57;-0.7;;51.5
2026.08.13 16:32:51;Sell;0.05;XAUUSD;4384.39;0.05;2026.08.13 16:51:54;4373.65;-0.36;;53.7
2026.08.13 16:51:03;Sell;0.2;XAUUSD;4376.77;0.2;2026.08.13 16:51:44;4374.17;-1.4;;52
2026.08.13 16:50:15;Sell;0.2;XAUUSD;4376.71;0.2;2026.08.13 16:50:32;4377.99;-1.4;;-25.6
2026.08.13 16:46:02;Sell;0.1;XAUUSD;4378.26;0.1;2026.08.13 16:47:41;4381.82;-0.7;;-35.6
2026.08.13 16:25:32;Sell;0.1;XAUUSD;4387.23;0.1;2026.08.13 16:38:46;4384.64;-0.71;;25.900000000000002
2026.08.13 16:22:07;Buy;0.1;XAUUSD;4394.51;0.1;2026.08.13 16:23:47;4393.24;-0.7;;-12.7
2026.08.13 16:21:06;Buy;0.1;XAUUSD;4394.58;0.1;2026.08.13 16:21:29;4392.6;-0.7;;-19.8
2026.08.13 15:38:30;Buy;0.1;XAUUSD;4389.45;0.1;2026.08.13 16:09:43;4394.245;-0.71;;47.95
2026.08.13 16:08:33;Buy;0.1;XAUUSD;4396.74;0.1;2026.08.13 16:09:41;4394.64;-0.7;;-21
2026.08.13 16:07:43;Buy;0.1;XAUUSD;4395.78;0.1;2026.08.13 16:09:36;4394.77;-0.7;;-10.1
2026.08.13 16:06:08;Buy;0.1;XAUUSD;4396.01;0.1;2026.08.13 16:06:34;4394.67;-0.7;;-13.4
2026.08.13 15:36:48;Buy;0.2;XAUUSD;4387.87;0.2;2026.08.13 15:37:45;4387.39;-1.4;;-9.6
2026.08.13 15:31:44;Sell;0.05;XAUUSD;4384.22;0.05;2026.08.13 15:34:00;4389.44;-0.36;;-26.1
2026.08.13 15:24:45;Sell;0.05;XAUUSD;4384.65;0.05;2026.08.13 15:29:35;4388.63;-0.36;;-19.9
2026.08.13 15:13:49;Buy;0.05;XAUUSD;4389.27;0.05;2026.08.13 15:16:08;4386.12;-0.36;;-15.75
2026.08.13 14:51:48;Sell;0.02;XAUUSD;4384.2;0.02;2026.08.13 15:06:43;4388.05;-0.14;;-7.7
2026.08.12 18:27:02;Sell;0.1;XAUUSD;4424.19;0.1;2026.08.12 18:58:23;4414.122;-0.71;;100.68
2026.08.12 18:16:01;Buy;0.1;XAUUSD;4424.08;0.1;2026.08.12 18:26:18;4423.87;-0.7;;-2.1
2026.08.12 18:02:24;Sell;0.1;XAUUSD;4420.82;0.1;2026.08.12 18:08:31;4422.06;-0.7;;-12.4
2026.08.12 18:01:05;Sell;0.1;XAUUSD;4420.3;0.1;2026.08.12 18:01:38;4423.59;-0.7;;-32.9
2026.08.12 17:55:42;Sell;0.05;XAUUSD;4421.43;0.05;2026.08.12 17:59:43;4422.65;-0.36;;-6.1
2026.08.12 17:56:14;Sell;0.1;XAUUSD;4420.47;0.1;2026.08.12 17:59:42;4422.54;-0.7;;-20.7
2026.08.12 17:50:31;Sell;0.05;XAUUSD;4422.03;0.05;2026.08.12 17:55:14;4423.48;-0.36;;-7.25
2026.08.12 17:47:21;Buy;0.05;XAUUSD;4427.55;0.05;2026.08.12 17:48:06;4421.74;-0.36;;-29.05
2026.08.12 16:50:57;Buy;0.02;XAUUSD;4427.66;0.02;2026.08.12 17:32:41;4425.74;-0.14;;-3.84
2026.08.12 17:10:50;Buy;0.05;XAUUSD;4430.77;0.05;2026.08.12 17:22:35;4436.13;-0.36;;26.8
2026.08.12 15:35:48;Buy;0.05;XAUUSD;4416.29;0.05;2026.08.12 16:09:40;4431.998;-0.36;;78.54
2026.08.12 16:03:51;Buy;0.02;XAUUSD;4432.52;0.02;2026.08.12 16:09:24;4429.7;-0.14;;-5.64
2026.08.12 16:09:09;Buy;0.1;XAUUSD;4431.17;0.1;2026.08.12 16:09:23;4429.32;-0.7;;-18.5
2026.08.12 15:54:09;Buy;0.1;XAUUSD;4427.81;0.1;2026.08.12 15:58:46;4434.87;-0.7;;70.6
2026.08.12 10:41:14;Buy;0.01;XAUUSD;4406.67;0.01;2026.08.12 15:11:11;4406.44;-0.08;;-0.23
2026.08.07 16:17:24;Buy;0.02;XAUUSD;4345.29;0.02;2026.08.07 16:58:08;4349.375;-0.15000000000000002;;8.17
2026.08.07 16:22:10;Buy;0.05;XAUUSD;4351.42;0.05;2026.08.07 16:40:04;4364.2;-0.36;;63.9
2026.08.07 16:36:13;Buy;0.1;XAUUSD;4353.42;0.1;2026.08.07 16:38:48;4363.07;-0.7;;96.5
2026.08.07 16:23:27;Buy;0.1;XAUUSD;4349.43;0.1;2026.08.07 16:29:49;4357.6;-0.7;;81.7
2026.08.07 15:54:15;Buy;0.1;XAUUSD;4368.16;0.1;2026.08.07 15:54:52;4365.37;-0.7;;-27.9
2026.08.07 15:42:18;Buy;0.1;XAUUSD;4366.1;0.1;2026.08.07 15:43:22;4364.19;-0.7;;-19.1
2026.08.07 15:08:06;Buy;0.05;XAUUSD;4317.43;0.05;2026.08.07 15:15:11;4314.76;-0.36;;-13.35
2026.08.06 16:09:53;Buy;0.1;XAUUSD;4231.33;0.1;2026.08.06 16:11:15;4235.31;-0.7;;39.8
2026.08.06 15:49:14;Sell;0.05;XAUUSD;4258.05;0.05;2026.08.06 16:06:42;4244.3;-0.36;;68.75
2026.08.06 16:03:13;Sell;0.1;XAUUSD;4251.41;0.1;2026.08.06 16:03:42;4252.47;-0.7;;-10.6
2026.08.06 15:33:26;Buy;0.05;XAUUSD;4266.92;0.05;2026.08.06 15:48:48;4261.538;-0.36;;-26.91
2026.08.06 15:04:09;Sell;0.05;XAUUSD;4264.08;0.05;2026.08.06 15:31:02;4263.79;-0.36;;1.45
2026.08.05 19:50:35;Sell;0.1;XAUUSD;4242.72;0.1;2026.08.05 19:51:34;4243.77;-0.7;;-10.5
2026.08.05 19:49:15;Sell;0.1;XAUUSD;4242.59;0.1;2026.08.05 19:50:12;4243.74;-0.7;;-11.5
2026.08.04 17:08:01;Buy;0.1;XAUUSD;4088.02;0.1;2026.08.04 17:16:40;4087.33;-0.7;;-6.9
2026.08.04 16:21:56;Buy;0.02;XAUUSD;4074.28;0.02;2026.08.04 17:06:04;4086.365;-0.15000000000000002;;24.17
2026.08.04 17:03:11;Buy;0.05;XAUUSD;4087.91;0.05;2026.08.04 17:06:03;4087.27;-0.36;;-3.2
2026.08.04 16:48:00;Buy;0.05;XAUUSD;4086.32;0.05;2026.08.04 16:50:47;4091.26;-0.36;;24.7
2026.08.04 16:32:05;Buy;0.1;XAUUSD;4077.08;0.1;2026.08.04 16:35:54;4086.07;-0.7;;89.9
2026.08.04 16:02:54;Buy;0.02;XAUUSD;4067.62;0.02;2026.08.04 16:04:31;4062.88;-0.14;;-9.48
2026.08.04 15:45:39;Buy;0.1;XAUUSD;4077.14;0.1;2026.08.04 15:49:14;4077.17;-0.7;;0.3
2026.08.04 15:19:50;Buy;0.05;XAUUSD;4065.46;0.05;2026.08.04 15:36:01;4082.68;-0.36;;86.1
2026.08.03 16:08:12;Sell;0.02;XAUUSD;4044.09;0.02;2026.08.03 23:31:33;4054.255;-0.15000000000000002;;-20.33
2026.08.03 18:30:48;Sell;0.1;XAUUSD;4033.26;0.1;2026.08.03 18:36:34;4036.03;-0.7;;-27.7
2026.08.03 18:02:32;Sell;0.05;XAUUSD;4035.05;0.05;2026.08.03 18:16:11;4035.12;-0.36;;-0.35
2026.08.03 17:10:39;Sell;0.1;XAUUSD;4028.02;0.1;2026.08.03 17:12:50;4029.955;-0.71;;-19.35
2026.08.03 01:19:32;Buy;0.1;XAUUSD;4068.8;0.1;2026.08.03 01:23:29;4067.3;-0.7;;-15
2026.08.03 01:12:42;Buy;0.1;XAUUSD;4077.43;0.1;2026.08.03 01:14:55;4076.38;-0.7;;-10.5
2026.07.31 07:23:52;Buy;0.01;XAUUSD;4076.84;0.01;2026.07.31 13:14:18;4056.4;-0.08;;-20.44
2026.07.30 17:22:10;Buy;0.02;XAUUSD;4094.15;0.02;2026.07.30 17:25:16;4091.09;-0.14;;-6.12
2026.07.30 17:08:14;Buy;0.2;XAUUSD;4096.11;0.2;2026.07.30 17:09:18;4098.82;-1.4;;54.2
2026.07.30 17:08:01;Buy;0.2;XAUUSD;4096.2;0.2;2026.07.30 17:08:04;4094.4;-1.4;;-36
2026.07.30 17:05:39;Buy;0.1;XAUUSD;4106.63;0.1;2026.07.30 17:07:25;4099.4;-0.7;;-72.3
2026.07.30 16:36:04;Buy;0.1;XAUUSD;4080.17;0.1;2026.07.30 16:54:07;4097.537;-0.7200000000000001;;173.67
2026.07.30 16:40:20;Buy;0.1;XAUUSD;4086.59;0.1;2026.07.30 16:42:09;4091.19;-0.7;;46
2026.07.30 16:16:18;Buy;0.1;XAUUSD;4076.1;0.1;2026.07.30 16:38:02;4093.23;-0.7;;171.3
2026.07.30 16:20:59;Buy;0.1;XAUUSD;4075.99;0.1;2026.07.30 16:35:04;4075.16;-0.7;;-8.3
2026.07.30 16:13:48;Buy;0.1;XAUUSD;4075.74;0.1;2026.07.30 16:20:03;4072.88;-0.7;;-28.6
2026.07.30 16:08:33;Buy;0.1;XAUUSD;4075.49;0.1;2026.07.30 16:11:02;4070.17;-0.7;;-53.2
2026.07.30 15:50:48;Sell;0.1;XAUUSD;4074.07;0.1;2026.07.30 16:07:17;4076.21;-0.7;;-21.4
2026.07.30 16:04:09;Sell;0.1;XAUUSD;4067.9;0.1;2026.07.30 16:07:16;4075.48;-0.7;;-75.8
2026.07.30 15:47:55;Sell;0.1;XAUUSD;4073.67;0.1;2026.07.30 15:50:27;4076.95;-0.7;;-32.8
2026.07.30 15:44:08;Buy;0.1;XAUUSD;4076.77;0.1;2026.07.30 15:49:16;4074.795;-0.71;;-19.75
2026.07.30 15:38:53;Buy;0.1;XAUUSD;4076.7;0.1;2026.07.30 15:43:23;4075.2;-0.7;;-15
2026.07.30 15:37:25;Buy;0.1;XAUUSD;4076.85;0.1;2026.07.30 15:38:12;4074.52;-0.7;;-23.3
2026.07.30 15:36:19;Sell;0.05;XAUUSD;4071.79;0.05;2026.07.30 15:37:10;4075.92;-0.36;;-20.65
2026.07.30 15:33:45;Sell;0.05;XAUUSD;4072.26;0.05;2026.07.30 15:36:04;4075.99;-0.36;;-18.65
2026.07.30 15:02:11;Buy;0.05;XAUUSD;4075.29;0.05;2026.07.30 15:32:17;4072.34;-0.36;;-14.75
2026.07.30 10:21:51;Sell;0.02;XAUUSD;4045.08;0.02;2026.07.30 11:15:40;4054.67;-0.14;;-19.18
2026.07.29 21:39:22;Buy;0.05;XAUUSD;4066.38;0.05;2026.07.29 21:49:43;4088.18;-0.36999999999999994;;109
2026.07.29 21:04:33;Buy;0.02;XAUUSD;4067.63;0.02;2026.07.29 21:25:12;4065.95;-0.14;;-3.36
2026.07.28 09:30:04;Sell;0.01;XAUUSD;4047.07;0.01;2026.07.29 21:00:31;4077.54;-0.08;0.38;-30.47
2026.07.29 16:03:12;Sell;0.01;XAUUSD;4021.07;0.01;2026.07.29 20:58:02;4042.76;-0.08;;-21.69
2026.07.27 19:57:24;Buy;0.1;XAUUSD;4082.26;0.1;2026.07.27 20:02:13;4078.85;-0.7;;-34.1
2026.07.27 19:40:58;Buy;0.1;XAUUSD;4090.56;0.1;2026.07.27 19:42:25;4088.74;-0.7;;-18.2
2026.07.27 16:46:05;Buy;0.02;XAUUSD;4086.6;0.02;2026.07.27 16:55:58;4079.66;-0.14;;-13.88
2026.07.23 23:07:18;Sell;0.01;XAUUSD;4048.56;0.01;2026.07.24 19:40:10;4068.05;-0.08;0.37;-19.49
2026.07.23 16:18:53;Buy;0.01;XAUUSD;4045.28;0.01;2026.07.23 16:29:11;4056.26;-0.08;;10.98
2026.07.23 15:39:44;Buy;0.01;XAUUSD;4072.6;0.01;2026.07.23 16:29:07;4056.8;-0.08;;-15.8
2026.07.21 16:34:53;Buy;0.01;XAUUSD;4057.24;0.01;2026.07.22 09:09:30;4130.88;-0.08;-0.53;73.64
2026.07.16 09:46:28;Sell;0.02;XAUUSD;4027.22;0.02;2026.07.16 15:58:03;3998.25;-0.15000000000000002;;57.94
2026.07.16 15:32:30;Sell;0.05;XAUUSD;4023.92;0.05;2026.07.16 15:41:24;4008.67;-0.36;;76.25
2026.07.16 15:18:11;Sell;0.05;XAUUSD;4024.05;0.05;2026.07.16 15:40:34;4012.91;-0.36;;55.7
2026.07.16 15:33:10;Sell;0.1;XAUUSD;4023.47;0.1;2026.07.16 15:40:29;4012.97;-0.7;;105
2026.07.16 15:21:20;Sell;0.05;XAUUSD;4028.07;0.05;2026.07.16 15:31:17;4028.74;-0.36;;-3.35
2026.07.15 18:07:42;Sell;0.1;XAUUSD;4057.73;0.1;2026.07.15 18:13:50;4048.75;-0.7;;89.8
2026.07.15 17:56:08;Buy;0.1;XAUUSD;4057.45;0.1;2026.07.15 18:05:41;4057.36;-0.7;;-0.9
2026.07.15 17:52:36;Buy;0.1;XAUUSD;4059.06;0.1;2026.07.15 17:52:57;4056.58;-0.7;;-24.8
2026.07.15 17:50:29;Buy;0.1;XAUUSD;4059.36;0.1;2026.07.15 17:51:40;4056.49;-0.7;;-28.7
2026.07.15 17:43:05;Sell;0.1;XAUUSD;4059.15;0.1;2026.07.15 17:47:47;4054.91;-0.7;;42.4
2026.07.15 17:34:21;Buy;0.05;XAUUSD;4062.76;0.05;2026.07.15 17:42:40;4059.64;-0.36;;-15.6
2026.07.15 17:41:17;Buy;0.1;XAUUSD;4062.1;0.1;2026.07.15 17:42:38;4059.5;-0.7;;-26
2026.07.15 17:03:55;Buy;0.02;XAUUSD;4064.42;0.02;2026.07.15 17:18:25;4061.08;-0.14;;-6.68
2026.07.15 17:15:56;Buy;0.05;XAUUSD;4064.93;0.05;2026.07.15 17:17:26;4063.39;-0.36;;-7.7
2026.07.15 17:12:58;Buy;0.05;XAUUSD;4065.36;0.05;2026.07.15 17:14:17;4063.02;-0.36;;-11.7
2026.07.15 16:56:48;Buy;0.1;XAUUSD;4060.67;0.1;2026.07.15 17:00:44;4061.59;-0.7;;9.2
2026.07.15 16:19:55;Sell;0.05;XAUUSD;4066.02;0.05;2026.07.15 16:25:43;4058.06;-0.36;;39.8
2026.07.15 16:00:51;Buy;0.1;XAUUSD;4066.14;0.1;2026.07.15 16:05:24;4073.1;-0.7;;69.6
2026.07.15 15:19:55;Sell;0.03;XAUUSD;4039.48;0.03;2026.07.15 15:30:08;4049.34;-0.22;;-29.58
2026.07.15 15:05:02;Sell;0.05;XAUUSD;4040.9;0.05;2026.07.15 15:18:47;4040.57;-0.36;;1.65
2026.07.14 16:09:19;Buy;0.03;XAUUSD;4079.19;0.03;2026.07.14 16:13:03;4073.38;-0.22;;-17.43
2026.07.14 15:15:39;Buy;0.05;XAUUSD;4025.7;0.05;2026.07.14 15:30:42;4086.83;-0.36;;305.65
2026.07.14 15:26:51;Buy;0.05;XAUUSD;4027.47;0.05;2026.07.14 15:30:35;4084.68;-0.36;;286.05
2026.07.13 21:30:51;Buy;0.05;XAUUSD;3994.89;0.05;2026.07.13 21:36:00;4000.02;-0.36;;25.65
2026.07.13 17:21:39;Buy;0.05;XAUUSD;4005.9;0.05;2026.07.13 17:23:35;4016.47;-0.36;;52.85
2026.07.13 17:13:09;Sell;0.1;XAUUSD;4036.34;0.1;2026.07.13 17:15:18;4036.88;-0.7;;-5.4
2026.07.13 16:32:05;Sell;0.1;XAUUSD;4061.07;0.1;2026.07.13 17:00:07;4047.11;-0.7100000000000001;;139.6
2026.07.13 16:34:34;Sell;0.1;XAUUSD;4057.65;0.1;2026.07.13 16:51:50;4043.23;-0.7;;144.2
2026.07.13 16:24:18;Sell;0.1;XAUUSD;4061.7;0.1;2026.07.13 16:27:42;4063.19;-0.7;;-14.9
2026.07.13 16:11:15;Sell;0.1;XAUUSD;4060.23;0.1;2026.07.13 16:21:50;4062.35;-0.7;;-21.2
2026.07.13 16:08:37;Buy;0.1;XAUUSD;4064.7;0.1;2026.07.13 16:10:35;4061.22;-0.7;;-34.8
2026.07.13 16:05:21;Buy;0.1;XAUUSD;4063.73;0.1;2026.07.13 16:06:39;4061.11;-0.7;;-26.2
2026.07.13 15:53:19;Buy;0.05;XAUUSD;4064.72;0.05;2026.07.13 16:03:36;4059.47;-0.36;;-26.25
2026.07.13 16:02:45;Buy;0.1;XAUUSD;4064.14;0.1;2026.07.13 16:03:34;4060.03;-0.7;;-41.1
2026.07.13 16:01:14;Buy;0.05;XAUUSD;4065.92;0.05;2026.07.13 16:01:40;4064.2;-0.36;;-8.6
2026.07.13 15:25:55;Sell;0.05;XAUUSD;4062.75;0.05;2026.07.13 15:47:36;4064.59;-0.36;;-9.2
2026.07.13 15:30:30;Sell;0.1;XAUUSD;4059.42;0.1;2026.07.13 15:32:27;4061.23;-0.7;;-18.1
2026.07.13 15:20:19;Sell;0.1;XAUUSD;4056.53;0.1;2026.07.13 15:21:15;4058.25;-0.7;;-17.2
2026.07.13 15:12:12;Sell;0.1;XAUUSD;4055.49;0.1;2026.07.13 15:13:23;4057.8;-0.7;;-23.1
2026.07.13 15:02:33;Sell;0.1;XAUUSD;4059.2;0.1;2026.07.13 15:06:04;4059.3;-0.7;;-1
2026.07.13 01:14:24;Buy;0.1;XAUUSD;4082.76;0.1;2026.07.13 01:18:07;4085.21;-0.7;;24.5
2026.07.08 16:50:16;Sell;0.1;XAUUSD;4069.53;0.1;2026.07.08 17:16:58;4062.78;-0.71;;67.5
2026.07.08 17:15:16;Sell;0.1;XAUUSD;4057.2;0.1;2026.07.08 17:16:27;4052.86;-0.7;;43.4
2026.07.08 17:10:23;Sell;0.1;XAUUSD;4063.45;0.1;2026.07.08 17:12:04;4063.84;-0.7;;-3.9
2026.07.08 17:05:18;Sell;0.1;XAUUSD;4065.13;0.1;2026.07.08 17:09:05;4065.68;-0.7;;-5.5
2026.07.08 16:56:30;Sell;0.1;XAUUSD;4069.44;0.1;2026.07.08 16:56:58;4071.07;-0.7;;-16.3
2026.07.08 16:54:23;Sell;0.1;XAUUSD;4069.44;0.1;2026.07.08 16:54:40;4070.54;-0.7;;-11
2026.07.08 16:47:24;Buy;0.1;XAUUSD;4076.12;0.1;2026.07.08 16:48:20;4074.95;-0.7;;-11.7
2026.07.08 16:31:55;Buy;0.1;XAUUSD;4073.42;0.1;2026.07.08 16:42:18;4075.97;-0.71;;25.5
2026.07.08 16:30:32;Sell;0.1;XAUUSD;4068.43;0.1;2026.07.08 16:31:04;4071.45;-0.7;;-30.2
2026.07.08 16:24:30;Buy;0.05;XAUUSD;4070.98;0.05;2026.07.08 16:29:23;4069.4;-0.36;;-7.9
2026.07.08 12:45:54;Buy;0.05;XAUUSD;4049.21;0.05;2026.07.08 13:40:36;4054.5;-0.36;;26.45
2026.07.08 13:16:34;Buy;0.1;XAUUSD;4045.36;0.1;2026.07.08 13:20:58;4054.78;-0.7;;94.2
2026.07.08 12:10:43;Buy;0.1;XAUUSD;4052.88;0.1;2026.07.08 12:25:05;4056.71;-0.7;;38.3
2026.07.08 11:57:04;Buy;0.1;XAUUSD;4057.84;0.1;2026.07.08 12:07:55;4052.6;-0.7;;-52.4
2026.07.08 12:03:25;Buy;0.1;XAUUSD;4053;0.1;2026.07.08 12:04:06;4050.86;-0.7;;-21.4
2026.07.08 12:01:34;Buy;0.1;XAUUSD;4053.22;0.1;2026.07.08 12:03:11;4051;-0.7;;-22.2
2026.07.08 12:01:13;Buy;0.1;XAUUSD;4053.48;0.1;2026.07.08 12:01:20;4051.91;-0.7;;-15.7
2026.07.08 11:53:44;Buy;0.1;XAUUSD;4068.72;0.1;2026.07.08 11:54:06;4066.28;-0.7;;-24.4
2026.07.08 11:45:07;Buy;0.1;XAUUSD;4066.34;0.1;2026.07.08 11:47:53;4074.56;-0.7;;82.2
2026.07.08 11:41:16;Buy;0.1;XAUUSD;4066.42;0.1;2026.07.08 11:43:12;4063.82;-0.7;;-26
2026.07.08 11:40:09;Buy;0.1;XAUUSD;4067.87;0.1;2026.07.08 11:40:45;4065.42;-0.7;;-24.5
2026.07.08 11:37:31;Buy;0.1;XAUUSD;4074.31;0.1;2026.07.08 11:38:48;4071.04;-0.7;;-32.7
2026.07.08 11:36:16;Buy;0.1;XAUUSD;4077.01;0.1;2026.07.08 11:36:34;4074.64;-0.7;;-23.7
2026.07.08 11:35:38;Buy;0.1;XAUUSD;4079.15;0.1;2026.07.08 11:35:57;4076.76;-0.7;;-23.9
2026.07.08 06:06:02;Sell;0.02;XAUUSD;4125.14;0.02;2026.07.08 11:33:48;4083.11;-0.14;;84.06
2026.07.07 23:13:06;Sell;0.1;XAUUSD;4114.47;0.1;2026.07.07 23:30:09;4108.794;-0.71;;56.760000000000005
2026.07.07 23:08:38;Sell;0.1;XAUUSD;4113.44;0.1;2026.07.07 23:10:16;4115.06;-0.7;;-16.2
2026.07.07 22:48:05;Sell;0.1;XAUUSD;4109.85;0.1;2026.07.07 22:49:34;4111.66;-0.7;;-18.1
2026.07.07 20:28:00;Buy;0.03;XAUUSD;4146.27;0.03;2026.07.07 20:56:30;4144.36;-0.22;;-5.73
2026.07.07 15:21:07;Buy;0.01;XAUUSD;4166.81;0.01;2026.07.07 19:09:19;4139.89;-0.08;;-26.92
2026.07.07 17:09:37;Buy;0.01;XAUUSD;4156.47;0.01;2026.07.07 19:08:15;4140.74;-0.08;;-15.73
2026.07.07 16:31:42;Buy;0.05;XAUUSD;4170.63;0.05;2026.07.07 16:37:02;4178.3;-0.36;;38.35
2026.07.07 16:33:11;Buy;0.1;XAUUSD;4169.51;0.1;2026.07.07 16:36:17;4176.01;-0.7;;65
2026.07.07 16:15:26;Buy;0.05;XAUUSD;4170.04;0.05;2026.07.07 16:24:55;4166.18;-0.36;;-19.3
2026.07.06 21:56:19;Buy;0.01;XAUUSD;4163.61;0.01;2026.07.07 07:21:10;4131.58;-0.08;-0.55;-32.03
2026.07.06 17:42:38;Sell;0.1;XAUUSD;4135.25;0.1;2026.07.06 17:44:27;4129.66;-0.7;;55.9
2026.06.29 08:54:44;Sell;0.01;XAUUSD;4054.24;0.01;2026.06.30 07:09:02;3969.89;-0.08;0.38;84.35
2026.06.26 09:04:36;Sell;0.01;XAUUSD;4007.09;0.01;2026.06.26 09:35:56;4023.92;-0.08;;-16.83
2026.06.24 15:46:14;Sell;0.1;XAUUSD;4012.72;0.1;2026.06.24 15:49:51;4003.91;-0.7;;88.1
2026.06.24 15:41:40;Sell;0.1;XAUUSD;4009.87;0.1;2026.06.24 15:43:28;4011.39;-0.7;;-15.2
2026.06.24 15:38:03;Sell;0.02;XAUUSD;4011.56;0.02;2026.06.24 15:41:18;4012.66;-0.14;;-2.2
2026.06.23 20:46:08;Sell;0.05;XAUUSD;4132.47;0.05;2026.06.23 21:10:02;4126.07;-0.36;;32
2026.06.23 18:22:52;Sell;0.05;XAUUSD;4125.63;0.05;2026.06.23 18:27:04;4128.1;-0.36;;-12.35
2026.06.23 08:19:12;Sell;0.05;XAUUSD;4128.65;0.05;2026.06.23 08:27:29;4126.62;-0.36;;10.15
2026.06.22 17:54:35;Buy;0.05;XAUUSD;4199.46;0.05;2026.06.22 18:02:37;4198.33;-0.36;;-5.65
2026.06.22 17:29:18;Sell;0.01;XAUUSD;4193.41;0.01;2026.06.22 17:47:11;4204.32;-0.08;;-10.91
2026.06.22 16:25:24;Sell;0.2;XAUUSD;4190.6;0.2;2026.06.22 16:25:41;4188.94;-1.4;;33.2
2026.06.19 08:12:50;Buy;0.1;XAUUSD;4128.26;0.1;2026.06.19 08:14:34;4130.45;-0.7;;21.9
2026.06.19 08:02:02;Buy;0.01;XAUUSD;4126.77;0.01;2026.06.19 08:05:08;4122.53;-0.08;;-4.24
2026.06.18 09:01:50;Sell;0.01;XAUUSD;4308.39;0.01;2026.06.19 07:59:03;4126.13;-0.08;0.39;182.26
2026.06.18 18:22:13;Sell;0.01;XAUUSD;4241.28;0.01;2026.06.18 18:33:49;4229.52;-0.08;;11.76
2026.06.18 18:22:08;Sell;0.01;XAUUSD;4241.24;0.01;2026.06.18 18:33:45;4228.54;-0.08;;12.7
2026.06.18 04:35:37;Sell;0.1;XAUUSD;4318.65;0.1;2026.06.18 04:36:47;4321;-0.7;;-23.5
2026.06.18 04:34:08;Buy;0.1;XAUUSD;4319.66;0.1;2026.06.18 04:34:37;4317.83;-0.7;;-18.3
2026.06.18 04:33:19;Sell;0.1;XAUUSD;4318.63;0.1;2026.06.18 04:33:32;4320.17;-0.7;;-15.4
2026.06.18 01:40:15;Sell;0.01;XAUUSD;4267.22;0.01;2026.06.18 04:13:37;4325.14;-0.08;;-57.92
2026.06.18 03:34:36;Sell;0.05;XAUUSD;4306.8;0.05;2026.06.18 03:40:27;4307.42;-0.36;;-3.1
2026.06.18 03:27:31;Sell;0.05;XAUUSD;4296.05;0.05;2026.06.18 03:27:57;4298.24;-0.36;;-10.95
2026.06.15 15:47:00;Buy;0.01;XAUUSD;4345.43;0.01;2026.06.15 16:32:41;4362.1;-0.08;;16.67
2026.06.15 15:44:43;Buy;0.01;XAUUSD;4346.11;0.01;2026.06.15 16:32:35;4363.28;-0.08;;17.17
2026.06.15 15:48:47;Buy;0.01;XAUUSD;4346.52;0.01;2026.06.15 16:32:34;4363.49;-0.08;;16.97
2026.06.15 15:37:19;Buy;0.01;XAUUSD;4343.15;0.01;2026.06.15 16:32:22;4365.03;-0.08;;21.88
2026.06.15 01:43:02;Buy;0.01;XAUUSD;4287.24;0.01;2026.06.15 02:00:22;4286.4;-0.08;;-0.84
2026.06.15 01:02:01;Sell;0.01;XAUUSD;4268.85;0.01;2026.06.15 01:34:34;4283.58;-0.08;;-14.73
2026.06.15 01:04:20;Sell;0.01;XAUUSD;4296.91;0.01;2026.06.15 01:28:02;4285.77;-0.08;;11.14
2026.06.12 17:29:24;Sell;0.05;XAUUSD;4189.59;0.05;2026.06.12 17:36:45;4190.67;-0.36;;-5.4
2026.06.12 17:29:19;Sell;0.05;XAUUSD;4189.99;0.05;2026.06.12 17:35:19;4187.4;-0.36;;12.95
2026.06.12 17:28:52;Sell;0.05;XAUUSD;4190.14;0.05;2026.06.12 17:35:19;4188;-0.36;;10.7
2026.06.12 17:28:49;Sell;0.05;XAUUSD;4190.16;0.05;2026.06.12 17:34:33;4183.92;-0.36;;31.2
2026.06.12 17:28:50;Sell;0.05;XAUUSD;4190.2;0.05;2026.06.12 17:34:32;4183.5;-0.36;;33.5
2026.06.12 16:40:54;Sell;0.02;XAUUSD;4191.91;0.02;2026.06.12 17:28:26;4193.91;-0.14;;-4
2026.06.12 17:18:50;Sell;0.05;XAUUSD;4191.84;0.05;2026.06.12 17:28:25;4193.61;-0.36;;-8.85
2026.06.12 17:19:35;Sell;0.05;XAUUSD;4192.33;0.05;2026.06.12 17:27:12;4190.19;-0.36;;10.7
2026.06.12 17:18:35;Sell;0.05;XAUUSD;4192.96;0.05;2026.06.12 17:27:11;4190.34;-0.36;;13.1
2026.06.12 17:16:37;Sell;0.05;XAUUSD;4191.17;0.05;2026.06.12 17:16:58;4194.14;-0.36;;-14.85
2026.06.12 17:13:33;Sell;0.05;XAUUSD;4191.44;0.05;2026.06.12 17:14:40;4193.46;-0.36;;-10.1
2026.06.12 17:13:39;Sell;0.05;XAUUSD;4190.8;0.05;2026.06.12 17:14:37;4192.86;-0.36;;-10.3
2026.06.12 17:10:26;Buy;0.05;XAUUSD;4197.39;0.05;2026.06.12 17:12:10;4192.57;-0.36;;-24.1
2026.06.12 17:10:26;Buy;0.05;XAUUSD;4197.42;0.05;2026.06.12 17:11:54;4194.14;-0.36;;-16.4
2026.06.12 17:05:37;Sell;0.05;XAUUSD;4187.97;0.05;2026.06.12 17:07:27;4193.77;-0.36;;-29
2026.06.12 16:57:55;Sell;0.05;XAUUSD;4189.84;0.05;2026.06.12 17:00:27;4191.01;-0.36;;-5.85
2026.06.12 16:54:07;Sell;0.05;XAUUSD;4189.81;0.05;2026.06.12 16:56:56;4191.64;-0.36;;-9.15
2026.06.12 16:50:47;Sell;0.05;XAUUSD;4188.89;0.05;2026.06.12 16:51:55;4190.1;-0.36;;-6.05
2026.06.12 16:47:52;Sell;0.05;XAUUSD;4189.14;0.05;2026.06.12 16:49:54;4190.84;-0.36;;-8.5
2026.06.12 16:41:06;Sell;0.05;XAUUSD;4191.28;0.05;2026.06.12 16:42:34;4187.29;-0.36;;19.95
2026.06.12 16:37:57;Buy;0.02;XAUUSD;4204.4;0.02;2026.06.12 16:40:45;4193.65;-0.14;;-21.5
2026.06.12 16:34:52;Sell;0.02;XAUUSD;4198.58;0.02;2026.06.12 16:35:54;4203.55;-0.14;;-9.94
2026.06.11 21:38:25;Buy;0.1;XAUUSD;4156.76;0.1;2026.06.11 21:57:10;4164.055;-0.71;;72.94999999999999
2026.06.11 21:38:59;Buy;0.1;XAUUSD;4156.57;0.1;2026.06.11 21:45:07;4165.06;-0.7;;84.9
2026.06.11 21:37:28;Buy;0.1;XAUUSD;4156.91;0.1;2026.06.11 21:38:51;4155.76;-0.7;;-11.5
2026.06.11 21:36:20;Buy;0.1;XAUUSD;4156.68;0.1;2026.06.11 21:38:18;4155.83;-0.7;;-8.5
2026.06.11 21:34:15;Buy;0.1;XAUUSD;4155.72;0.1;2026.06.11 21:35:00;4154.01;-0.7;;-17.1
2026.06.11 21:30:54;Buy;0.05;XAUUSD;4154.81;0.05;2026.06.11 21:32:41;4152.32;-0.36;;-12.45
2026.06.11 21:18:01;Buy;0.05;XAUUSD;4151.85;0.05;2026.06.11 21:28:39;4151.26;-0.36;;-2.95
2026.06.10 23:17:38;Buy;0.1;XAUUSD;4073.4;0.1;2026.06.10 23:18:39;4074;-0.7;;6
2026.06.10 23:09:38;Buy;0.1;XAUUSD;4072.22;0.1;2026.06.10 23:17:04;4071.74;-0.7;;-4.8
2026.06.10 23:08:35;Buy;0.1;XAUUSD;4075.44;0.1;2026.06.10 23:08:56;4072.58;-0.7;;-28.6
2026.06.10 23:06:00;Buy;0.1;XAUUSD;4076.86;0.1;2026.06.10 23:07:25;4075.59;-0.7;;-12.7
2026.06.10 19:28:57;Sell;0.1;XAUUSD;4129.38;0.1;2026.06.10 19:29:42;4127.16;-0.7;;22.2
2026.06.10 18:17:16;Sell;0.1;XAUUSD;4118.13;0.1;2026.06.10 18:19:14;4116.09;-0.7;;20.4
2026.06.10 18:14:15;Sell;0.1;XAUUSD;4124.07;0.1;2026.06.10 18:16:39;4122.74;-0.7;;13.3
2026.06.10 18:13:22;Sell;0.1;XAUUSD;4122.66;0.1;2026.06.10 18:13:42;4125.59;-0.7;;-29.3
2026.06.10 18:12:04;Sell;0.1;XAUUSD;4121.17;0.1;2026.06.10 18:12:17;4121.92;-0.7;;-7.5
2026.06.10 18:02:01;Sell;0.1;XAUUSD;4134.63;0.1;2026.06.10 18:03:23;4132.88;-0.7;;17.5
2026.06.10 17:58:12;Buy;0.1;XAUUSD;4120.58;0.1;2026.06.10 17:58:33;4120.02;-0.7;;-5.6
2026.06.10 17:43:08;Sell;0.01;XAUUSD;4156.11;0.01;2026.06.10 17:56:24;4127.64;-0.08;;28.47
2026.06.10 17:39:27;Sell;0.01;XAUUSD;4155.96;0.01;2026.06.10 17:56:15;4128.52;-0.08;;27.44
2026.06.10 17:21:29;Buy;0.05;XAUUSD;4163.66;0.05;2026.06.10 17:30:55;4161.28;-0.36;;-11.9
2026.06.10 17:02:05;Buy;0.01;XAUUSD;4172.88;0.01;2026.06.10 17:30:52;4161.27;-0.08;;-11.61
2026.06.10 17:29:09;Buy;0.1;XAUUSD;4160.86;0.1;2026.06.10 17:30:50;4161.38;-0.7;;5.2
2026.06.10 17:15:12;Sell;0.1;XAUUSD;4174.04;0.1;2026.06.10 17:15:54;4168.63;-0.7;;54.1
2026.06.10 17:13:26;Buy;0.05;XAUUSD;4177.25;0.05;2026.06.10 17:14:42;4173.24;-0.36;;-20.05
2026.06.10 16:57:20;Buy;0.05;XAUUSD;4182.85;0.05;2026.06.10 16:58:39;4178.55;-0.36;;-21.5
2026.06.10 16:36:05;Buy;0.05;XAUUSD;4152.61;0.05;2026.06.10 16:46:06;4177.686;-0.36;;125.38
2026.06.10 16:35:26;Buy;0.05;XAUUSD;4149.75;0.05;2026.06.10 16:44:44;4175.32;-0.36;;127.85
2026.06.10 16:30:19;Buy;0.01;XAUUSD;4152;0.01;2026.06.10 16:35:04;4142.49;-0.08;;-9.51
2026.06.10 16:30:28;Buy;0.01;XAUUSD;4152.65;0.01;2026.06.10 16:35:04;4142.83;-0.08;;-9.82
2026.06.10 16:27:02;Buy;0.02;XAUUSD;4148.65;0.02;2026.06.10 16:35:01;4143.24;-0.14;;-10.82
2026.06.10 16:29:28;Buy;0.02;XAUUSD;4149.01;0.02;2026.06.10 16:35:00;4142.78;-0.14;;-12.46
2026.06.10 16:31:13;Buy;0.05;XAUUSD;4148.2;0.05;2026.06.10 16:34:58;4143.01;-0.36;;-25.95
2026.06.10 16:22:09;Sell;0.02;XAUUSD;4135.56;0.02;2026.06.10 16:25:54;4149.25;-0.14;;-27.38
2026.06.10 16:16:09;Sell;0.02;XAUUSD;4142.95;0.02;2026.06.10 16:25:39;4147.97;-0.14;;-10.04
2026.06.10 16:20:17;Sell;0.02;XAUUSD;4133.16;0.02;2026.06.10 16:21:09;4136.66;-0.14;;-7
2026.06.10 16:02:50;Buy;0.01;XAUUSD;4154.68;0.01;2026.06.10 16:16:11;4140.95;-0.08;;-13.73
2026.06.10 16:04:46;Buy;0.01;XAUUSD;4153.95;0.01;2026.06.10 16:15:41;4146.12;-0.08;;-7.83
2026.06.10 16:09:51;Buy;0.02;XAUUSD;4153.02;0.02;2026.06.10 16:15:11;4148.81;-0.14;;-8.42
2026.06.10 16:11:42;Buy;0.02;XAUUSD;4154.6;0.02;2026.06.10 16:14:26;4150.92;-0.14;;-7.36
2026.06.10 16:10:21;Buy;0.02;XAUUSD;4155.15;0.02;2026.06.10 16:14:24;4151.31;-0.14;;-7.68
2026.06.10 16:06:23;Buy;0.02;XAUUSD;4154.79;0.02;2026.06.10 16:09:21;4149.22;-0.14;;-11.14
2026.06.10 15:48:21;Sell;0.1;XAUUSD;4160.78;0.1;2026.06.10 15:50:55;4155.02;-0.7;;57.6
2026.06.10 15:47:09;Buy;0.1;XAUUSD;4164.97;0.1;2026.06.10 15:47:45;4162.74;-0.7;;-22.3
2026.06.10 15:43:03;Buy;0.1;XAUUSD;4161.86;0.1;2026.06.10 15:43:32;4160.43;-0.7;;-14.3
2026.06.10 11:38:02;Buy;0.01;XAUUSD;4174.51;0.01;2026.06.10 15:38:04;4163.73;-0.08;;-10.78
2026.06.09 17:34:07;Sell;0.1;XAUUSD;4311.65;0.1;2026.06.09 17:34:41;4314.05;-0.7;;-24
2026.06.09 17:30:13;Sell;0.1;XAUUSD;4315.64;0.1;2026.06.09 17:32:23;4317.23;-0.7;;-15.9
2026.06.09 16:56:36;Sell;0.1;XAUUSD;4328.97;0.1;2026.06.09 17:17:28;4313.88;-0.7;;150.9
2026.06.09 16:55:44;Sell;0.1;XAUUSD;4331.63;0.1;2026.06.09 17:14:56;4321.62;-0.7;;100.1
2026.06.09 17:02:55;Sell;0.1;XAUUSD;4332.89;0.1;2026.06.09 17:14:44;4321.04;-0.7;;118.5
2026.06.09 16:50:25;Buy;0.1;XAUUSD;4347.26;0.1;2026.06.09 16:56:05;4331.44;-0.71;;-158.2
2026.06.09 16:53:46;Buy;0.1;XAUUSD;4337.14;0.1;2026.06.09 16:54:30;4334.97;-0.7;;-21.7
2026.06.09 16:53:01;Buy;0.1;XAUUSD;4337.85;0.1;2026.06.09 16:53:28;4336.31;-0.7;;-15.4
2026.06.09 16:18:24;Sell;0.1;XAUUSD;4336.56;0.1;2026.06.09 16:47:29;4332.945;-0.71;;36.150000000000006
2026.06.09 16:39:03;Sell;0.1;XAUUSD;4332.09;0.1;2026.06.09 16:42:06;4326.62;-0.7;;54.7
2026.06.09 15:32:19;Buy;0.02;XAUUSD;4339.49;0.02;2026.06.09 16:17:30;4338.14;-0.14;;-2.7
2026.06.09 16:15:29;Buy;0.1;XAUUSD;4341.81;0.1;2026.06.09 16:15:52;4339.84;-0.7;;-19.7
2026.06.09 16:08:24;Buy;0.05;XAUUSD;4341.72;0.05;2026.06.09 16:14:19;4340.09;-0.36;;-8.15
2026.06.09 16:13:51;Buy;0.1;XAUUSD;4342.05;0.1;2026.06.09 16:14:19;4340.42;-0.7;;-16.3
2026.06.09 16:08:25;Buy;0.05;XAUUSD;4341.72;0.05;2026.06.09 16:13:04;4340.62;-0.36;;-5.5
2026.06.09 16:11:16;Buy;0.1;XAUUSD;4341.29;0.1;2026.06.09 16:12:58;4340.46;-0.7;;-8.3
2026.06.09 16:06:10;Buy;0.05;XAUUSD;4342.5;0.05;2026.06.09 16:07:59;4339.7;-0.36;;-14
2026.06.09 16:05:42;Buy;0.05;XAUUSD;4341.75;0.05;2026.06.09 16:07:58;4339.74;-0.36;;-10.05
2026.06.09 16:03:36;Buy;0.05;XAUUSD;4341.17;0.05;2026.06.09 16:04:23;4338.38;-0.36;;-13.95
2026.06.09 15:59:59;Buy;0.05;XAUUSD;4341.52;0.05;2026.06.09 16:03:10;4338.32;-0.36;;-16
2026.06.09 16:02:12;Buy;0.05;XAUUSD;4342.37;0.05;2026.06.09 16:02:34;4340.48;-0.36;;-9.45
2026.06.09 15:36:41;Buy;0.02;XAUUSD;4339.47;0.02;2026.06.09 15:55:01;4337.22;-0.14;;-4.5
2026.06.09 15:37:16;Buy;0.05;XAUUSD;4339.34;0.05;2026.06.09 15:53:55;4338.73;-0.36;;-3.05
2026.06.09 15:22:29;Buy;0.02;XAUUSD;4338.7;0.02;2026.06.09 15:34:20;4336.48;-0.14;;-4.44
2026.06.09 13:34:13;Buy;0.1;XAUUSD;4335.09;0.1;2026.06.09 13:35:01;4333.17;-0.7;;-19.2
2026.06.09 13:23:42;Buy;0.1;XAUUSD;4331.64;0.1;2026.06.09 13:33:06;4334.445;-0.71;;28.049999999999997
2026.06.09 10:06:23;Sell;0.02;XAUUSD;4331.01;0.02;2026.06.09 13:23:26;4332.23;-0.14;;-2.44
2026.06.08 09:12:16;Buy;0.1;XAUUSD;4300.88;0.1;2026.06.08 09:14:50;4304.31;-0.7;;34.3
2026.06.08 09:10:51;Buy;0.1;XAUUSD;4303.51;0.1;2026.06.08 09:11:32;4301.15;-0.7;;-23.6
2026.06.08 09:03:57;Sell;0.1;XAUUSD;4305.24;0.1;2026.06.08 09:04:42;4302.89;-0.7;;23.5
2026.06.08 08:56:15;Sell;0.1;XAUUSD;4288.05;0.1;2026.06.08 08:58:58;4290.23;-0.7;;-21.8
2026.06.08 08:54:04;Buy;0.1;XAUUSD;4291.33;0.1;2026.06.08 08:55:29;4287.91;-0.7;;-34.2
2026.06.05 19:43:31;Buy;0.01;XAUUSD;4328.82;0.01;2026.06.05 21:03:06;4338.01;-0.08;;9.19
2026.06.05 18:42:02;Buy;0.1;XAUUSD;4337.2;0.1;2026.06.05 18:42:57;4340.29;-0.7;;30.9
2026.06.05 18:39:04;Buy;0.1;XAUUSD;4337.47;0.1;2026.06.05 18:39:46;4339.65;-0.7;;21.8
2026.06.05 18:36:32;Sell;0.1;XAUUSD;4348.32;0.1;2026.06.05 18:37:15;4349.03;-0.7;;-7.1
2026.06.05 18:33:45;Sell;0.1;XAUUSD;4349.18;0.1;2026.06.05 18:35:29;4348.63;-0.7;;5.5
2026.06.05 17:41:32;Buy;0.01;XAUUSD;4348.36;0.01;2026.06.05 17:48:42;4354.39;-0.08;;6.03
2026.06.05 17:23:22;Buy;0.01;XAUUSD;4359.31;0.01;2026.06.05 17:48:38;4356.58;-0.08;;-2.73
2026.06.05 17:44:59;Buy;0.1;XAUUSD;4349.33;0.1;2026.06.05 17:48:23;4358.05;-0.7;;87.2
2026.06.05 17:44:07;Buy;0.1;XAUUSD;4347.65;0.1;2026.06.05 17:44:31;4344.99;-0.7;;-26.6
2026.06.05 17:43:03;Buy;0.1;XAUUSD;4349.51;0.1;2026.06.05 17:43:34;4346.87;-0.7;;-26.4
2026.06.05 17:42:05;Buy;0.1;XAUUSD;4349.36;0.1;2026.06.05 17:42:32;4347.08;-0.7;;-22.8
2026.06.05 17:39:04;Buy;0.1;XAUUSD;4349.13;0.1;2026.06.05 17:39:58;4348.3;-0.7;;-8.3
2026.06.05 17:37:45;Buy;0.1;XAUUSD;4352.02;0.1;2026.06.05 17:38:43;4349.38;-0.7;;-26.4
2026.06.05 17:37:04;Buy;0.1;XAUUSD;4352.98;0.1;2026.06.05 17:37:31;4350.24;-0.7;;-27.4
2026.06.05 17:26:34;Buy;0.1;XAUUSD;4355.15;0.1;2026.06.05 17:27:26;4358.85;-0.7;;37
2026.06.04 17:57:35;Buy;0.01;XAUUSD;4464.08;0.01;2026.06.04 18:03:59;4469.19;-0.08;;5.11
2026.06.04 17:42:15;Sell;0.05;XAUUSD;4479.04;0.05;2026.06.04 17:44:35;4474.12;-0.36;;24.6
2026.06.04 17:42:25;Sell;0.05;XAUUSD;4478.83;0.05;2026.06.04 17:43:41;4474.42;-0.36;;22.05
2026.06.04 17:42:28;Sell;0.05;XAUUSD;4478.52;0.05;2026.06.04 17:43:40;4474.41;-0.36;;20.55
2026.06.04 17:39:09;Buy;0.05;XAUUSD;4479.4;0.05;2026.06.04 17:42:01;4479.34;-0.36;;-0.3
2026.06.04 17:31:35;Buy;0.05;XAUUSD;4483.72;0.05;2026.06.04 17:35:49;4480.79;-0.36;;-14.65
2026.06.04 17:07:50;Sell;0.02;XAUUSD;4496.18;0.02;2026.06.04 17:11:28;4489.81;-0.14;;12.74
2026.06.04 17:07:51;Sell;0.02;XAUUSD;4496.2;0.02;2026.06.04 17:09:57;4489.17;-0.14;;14.06
2026.06.04 17:07:49;Sell;0.02;XAUUSD;4496.84;0.02;2026.06.04 17:08:53;4491.69;-0.14;;10.3
2026.06.04 17:07:45;Sell;0.02;XAUUSD;4497.54;0.02;2026.06.04 17:08:53;4491.7;-0.14;;11.68
2026.06.04 17:08:13;Sell;0.05;XAUUSD;4494.1;0.05;2026.06.04 17:08:52;4491.84;-0.36;;11.3
2026.06.04 17:06:49;Sell;0.1;XAUUSD;4495.63;0.1;2026.06.04 17:07:20;4497.18;-0.7;;-15.5
2026.06.04 17:02:00;Sell;0.1;XAUUSD;4498.61;0.1;2026.06.04 17:06:17;4498.82;-0.7;;-2.1
2026.06.04 16:55:07;Buy;0.1;XAUUSD;4498.53;0.1;2026.06.04 16:55:11;4497.81;-0.7;;-7.2
2026.06.04 16:54:50;Buy;0.1;XAUUSD;4498.78;0.1;2026.06.04 16:55:03;4497.76;-0.7;;-10.2
2026.06.04 16:41:51;Buy;0.02;XAUUSD;4508.17;0.02;2026.06.04 16:52:37;4508.88;-0.14;;1.42
2026.06.04 16:41:52;Buy;0.02;XAUUSD;4508.19;0.02;2026.06.04 16:52:37;4508.74;-0.14;;1.1
2026.06.04 16:43:03;Buy;0.02;XAUUSD;4509.24;0.02;2026.06.04 16:52:37;4508.7;-0.14;;-1.08
2026.06.04 16:43:04;Buy;0.02;XAUUSD;4509.39;0.02;2026.06.04 16:52:35;4508.85;-0.14;;-1.08
2026.06.04 16:44:23;Buy;0.02;XAUUSD;4511.13;0.02;2026.06.04 16:52:35;4508.9;-0.14;;-4.46
2026.06.04 16:34:37;Buy;0.1;XAUUSD;4506.7;0.1;2026.06.04 16:40:48;4505.96;-0.7;;-7.4
2026.06.04 16:26:03;Sell;0.1;XAUUSD;4503.78;0.1;2026.06.04 16:28:44;4504.18;-0.7;;-4
2026.06.04 16:15:46;Buy;0.02;XAUUSD;4505.9;0.02;2026.06.04 16:24:20;4504.78;-0.14;;-2.24
2026.06.04 16:16:46;Buy;0.02;XAUUSD;4506.17;0.02;2026.06.04 16:24:20;4504.75;-0.14;;-2.84
2026.06.04 16:09:07;Sell;0.02;XAUUSD;4504.61;0.02;2026.06.04 16:15:49;4506;-0.14;;-2.7800000000000002
2026.06.04 15:12:02;Buy;0.01;XAUUSD;4493.14;0.01;2026.06.04 16:12:23;4502.94;-0.08;;9.8
2026.06.04 16:05:45;Buy;0.02;XAUUSD;4508.59;0.02;2026.06.04 16:08:45;4505.48;-0.14;;-6.22
2026.06.04 16:04:35;Sell;0.1;XAUUSD;4504.56;0.1;2026.06.04 16:05:01;4506.15;-0.7;;-15.9
2026.06.04 16:01:49;Buy;0.02;XAUUSD;4509.16;0.02;2026.06.04 16:03:17;4505.15;-0.14;;-8.02
2026.06.04 15:53:25;Buy;0.1;XAUUSD;4504.17;0.1;2026.06.04 15:53:59;4508.25;-0.7;;40.8
2026.06.04 15:49:29;Buy;0.1;XAUUSD;4501.26;0.1;2026.06.04 15:50:54;4507.27;-0.7;;60.1
2026.06.04 15:48:21;Buy;0.1;XAUUSD;4501.2;0.1;2026.06.04 15:49:17;4500.1;-0.7;;-11
2026.06.04 15:46:50;Sell;0.1;XAUUSD;4499.4;0.1;2026.06.04 15:47:30;4500.91;-0.7;;-15.1
2026.06.04 15:45:10;Buy;0.02;XAUUSD;4502.55;0.02;2026.06.04 15:46:52;4499.19;-0.14;;-6.72
2026.06.04 15:43:37;Buy;0.02;XAUUSD;4500.89;0.02;2026.06.04 15:46:45;4499.99;-0.14;;-1.8
2026.06.04 15:41:48;Buy;0.02;XAUUSD;4501.07;0.02;2026.06.04 15:43:20;4499.23;-0.14;;-3.68
2026.06.04 15:34:05;Buy;0.02;XAUUSD;4500.15;0.02;2026.06.04 15:38:13;4499.02;-0.14;;-2.26
2026.06.04 15:36:49;Buy;0.02;XAUUSD;4501.08;0.02;2026.06.04 15:38:13;4499;-0.14;;-4.16
2026.06.04 15:12:01;Buy;0.01;XAUUSD;4493.15;0.01;2026.06.04 15:33:32;4497.99;-0.08;;4.84
2026.06.04 15:25:56;Buy;0.02;XAUUSD;4496.86;0.02;2026.06.04 15:33:32;4497.96;-0.14;;2.2
2026.06.04 15:26:02;Buy;0.02;XAUUSD;4496.94;0.02;2026.06.04 15:33:31;4497.9;-0.14;;1.92
2026.06.04 15:24:21;Buy;0.01;XAUUSD;4498.66;0.01;2026.06.04 15:33:31;4497.9;-0.08;;-0.76
2026.06.04 15:05:09;Buy;0.1;XAUUSD;4497.39;0.1;2026.06.04 15:06:52;4501.66;-0.7;;42.7
2026.06.04 15:05:03;Buy;0.1;XAUUSD;4497.92;0.1;2026.06.04 15:05:07;4496.74;-0.7;;-11.8
2026.06.04 15:02:23;Buy;0.1;XAUUSD;4506;0.1;2026.06.04 15:02:33;4504.81;-0.7;;-11.9
2026.06.04 14:58:36;Sell;0.1;XAUUSD;4513.1;0.1;2026.06.04 15:01:43;4507.06;-0.7;;60.4
2026.06.04 14:57:06;Sell;0.1;XAUUSD;4506.9;0.1;2026.06.04 14:57:09;4509.02;-0.7;;-21.2
2026.06.04 14:56:17;Sell;0.1;XAUUSD;4506.13;0.1;2026.06.04 14:56:56;4507.81;-0.7;;-16.8
2026.06.04 14:52:06;Sell;0.1;XAUUSD;4503.61;0.1;2026.06.04 14:54:54;4504.3;-0.7;;-6.9
2026.06.04 14:48:47;Sell;0.1;XAUUSD;4503.11;0.1;2026.06.04 14:51:54;4504.55;-0.7;;-14.4
2026.06.04 14:47:41;Sell;0.1;XAUUSD;4499.66;0.1;2026.06.04 14:48:07;4502.47;-0.7;;-28.1
2026.06.04 14:44:06;Buy;0.1;XAUUSD;4490.79;0.1;2026.06.04 14:46:08;4493.94;-0.7;;31.5
2026.06.04 14:41:53;Buy;0.1;XAUUSD;4489.54;0.1;2026.06.04 14:43:02;4488.06;-0.7;;-14.8
2026.06.04 14:40:07;Buy;0.1;XAUUSD;4487.8;0.1;2026.06.04 14:41:17;4486.86;-0.7;;-9.4
2026.06.04 14:35:40;Buy;0.1;XAUUSD;4485.36;0.1;2026.06.04 14:37:02;4482.57;-0.7;;-27.9
2026.06.03 17:32:24;Sell;0.05;XAUUSD;4448.83;0.05;2026.06.03 17:35:20;4451.13;-0.36;;-11.5
2026.06.03 17:20:52;Sell;0.05;XAUUSD;4449.09;0.05;2026.06.03 17:29:18;4450.69;-0.36;;-8
2026.06.03 16:18:47;Sell;0.01;XAUUSD;4455.6;0.01;2026.06.03 17:09:26;4450.91;-0.08;;4.6899999999999995
2026.06.02 20:15:56;Sell;0.01;XAUUSD;4489.68;0.01;2026.06.03 16:45:07;4429.82;-0.08;0.47;59.86
2026.06.03 16:23:02;Sell;0.02;XAUUSD;4454.88;0.02;2026.06.03 16:43:07;4436.03;-0.14;;37.7
2026.06.03 16:31:10;Sell;0.02;XAUUSD;4451.99;0.02;2026.06.03 16:42:56;4437;-0.14;;29.98
2026.06.03 16:40:41;Sell;0.1;XAUUSD;4448.25;0.1;2026.06.03 16:42:37;4441.49;-0.7;;67.6
2026.06.03 15:58:27;Buy;0.02;XAUUSD;4462.54;0.02;2026.06.03 16:18:11;4457.95;-0.14;;-9.18
2026.06.03 16:01:41;Buy;0.02;XAUUSD;4462.21;0.02;2026.06.03 16:17:32;4458.74;-0.14;;-6.9399999999999995
2026.06.03 16:02:38;Buy;0.05;XAUUSD;4461.25;0.05;2026.06.03 16:15:04;4462.1;-0.36;;4.25
2026.06.03 15:25:11;Sell;0.01;XAUUSD;4456.7;0.01;2026.06.03 15:44:26;4460.26;-0.08;;-3.56
2026.06.03 15:11:41;Sell;0.01;XAUUSD;4458.73;0.01;2026.06.03 15:44:25;4460.12;-0.08;;-1.3900000000000001
2026.06.02 17:24:32;Buy;0.1;XAUUSD;4492.8;0.1;2026.06.02 17:25:21;4492.64;-0.7;;-1.6
2026.06.02 14:11:30;Buy;0.01;XAUUSD;4530.26;0.01;2026.06.02 17:23:11;4491.8;-0.08;;-38.46
2026.05.28 17:22:47;Buy;0.02;XAUUSD;4457.44;0.02;2026.05.28 17:33:53;4460.29;-0.14;;5.7
2026.05.28 17:30:13;Buy;0.1;XAUUSD;4462.12;0.1;2026.05.28 17:30:57;4466.99;-0.7;;48.7
2026.05.28 17:29:10;Buy;0.1;XAUUSD;4462.18;0.1;2026.05.28 17:29:55;4460.52;-0.7;;-16.6
2026.05.28 17:28:13;Buy;0.1;XAUUSD;4461.3;0.1;2026.05.28 17:28:31;4459.55;-0.7;;-17.5
2026.05.28 17:22:16;Buy;0.1;XAUUSD;4459.12;0.1;2026.05.28 17:22:23;4457.59;-0.7;;-15.3
2026.05.28 16:46:56;Buy;0.05;XAUUSD;4426.94;0.05;2026.05.28 16:50:44;4432.28;-0.36;;26.7
2026.05.28 16:48:35;Buy;0.1;XAUUSD;4424.67;0.1;2026.05.28 16:50:36;4433.84;-0.7;;91.7
2026.05.28 16:29:17;Sell;0.02;XAUUSD;4428.77;0.02;2026.05.28 16:34:12;4421.44;-0.14;;14.66
2026.05.28 16:30:08;Sell;0.1;XAUUSD;4428.65;0.1;2026.05.28 16:34:02;4419.94;-0.7;;87.1
2026.05.28 16:25:58;Buy;0.05;XAUUSD;4432.58;0.05;2026.05.28 16:27:06;4428.68;-0.36;;-19.5
2026.05.28 16:26:21;Buy;0.1;XAUUSD;4432.17;0.1;2026.05.28 16:26:43;4430.63;-0.7;;-15.4
2026.05.28 16:23:53;Sell;0.05;XAUUSD;4428.11;0.05;2026.05.28 16:25:13;4430.75;-0.36;;-13.2
2026.05.28 16:24:50;Sell;0.1;XAUUSD;4429.06;0.1;2026.05.28 16:25:12;4430.83;-0.7;;-17.7
2026.05.28 16:23:21;Buy;0.05;XAUUSD;4431.54;0.05;2026.05.28 16:23:48;4428.44;-0.36;;-15.5
2026.05.28 16:20:37;Buy;0.05;XAUUSD;4431.33;0.05;2026.05.28 16:23:41;4430.33;-0.36;;-5
2026.05.28 15:51:59;Sell;0.02;XAUUSD;4416.98;0.02;2026.05.28 16:21:21;4432.45;-0.14;;-30.94
2026.05.28 16:06:14;Sell;0.02;XAUUSD;4435.13;0.02;2026.05.28 16:20:03;4433.88;-0.14;;2.5
2026.05.28 15:59:39;Sell;0.02;XAUUSD;4432.33;0.02;2026.05.28 16:20:02;4433.37;-0.14;;-2.08
2026.05.28 16:01:31;Sell;0.1;XAUUSD;4433.09;0.1;2026.05.28 16:03:43;4434.63;-0.7;;-15.4
2026.05.28 15:56:42;Sell;0.1;XAUUSD;4427.83;0.1;2026.05.28 15:59:05;4429.56;-0.7;;-17.3
2026.05.28 15:56:11;Sell;0.1;XAUUSD;4427.58;0.1;2026.05.28 15:56:32;4429.09;-0.7;;-15.1
2026.05.28 15:32:04;Buy;0.02;XAUUSD;4392.1;0.02;2026.05.28 15:46:41;4405.59;-0.14;;26.98
2026.05.28 15:27:51;Sell;0.02;XAUUSD;4385.16;0.02;2026.05.28 15:30:29;4390.54;-0.14;;-10.76
2026.05.27 15:19:25;Sell;0.1;XAUUSD;4453.34;0.1;2026.05.27 15:19:41;4448.14;-0.7;;52
2026.05.26 15:16:04;Sell;0.01;XAUUSD;4514.86;0.01;2026.05.27 14:31:33;4433.3;-0.08;0.45;81.56
2026.05.26 11:34:00;Sell;0.01;XAUUSD;4521.77;0.01;2026.05.27 14:03:04;4448.5;-0.08;0.45;73.27
2026.05.26 09:00:54;Sell;0.01;XAUUSD;4528.78;0.01;2026.05.27 14:02:51;4448.21;-0.08;0.45;80.57
2026.05.25 20:03:13;Buy;0.1;XAUUSD;4575.72;0.1;2026.05.25 20:14:30;4573.85;-0.7;;-18.7
2026.05.25 20:03:19;Buy;0.1;XAUUSD;4575.81;0.1;2026.05.25 20:14:30;4573.85;-0.7;;-19.6
2026.05.25 20:03:34;Buy;0.1;XAUUSD;4575.91;0.1;2026.05.25 20:14:29;4574.07;-0.7;;-18.4
2026.05.25 18:10:51;Buy;0.1;XAUUSD;4568.3;0.1;2026.05.25 18:37:21;4568.14;-0.7;;-1.6
2026.05.25 18:10:54;Buy;0.1;XAUUSD;4570.65;0.1;2026.05.25 18:27:09;4573.71;-0.7;;30.6
2026.05.25 18:10:52;Buy;0.1;XAUUSD;4568.38;0.1;2026.05.25 18:27:08;4573.7;-0.7;;53.2
2026.05.25 18:08:13;Sell;0.1;XAUUSD;4566.13;0.1;2026.05.25 18:10:46;4567.72;-0.7;;-15.9
2026.05.25 18:08:10;Sell;0.1;XAUUSD;4566.14;0.1;2026.05.25 18:10:44;4567.44;-0.7;;-13
2026.05.25 18:02:03;Buy;0.1;XAUUSD;4568.96;0.1;2026.05.25 18:07:21;4566.36;-0.7;;-26
2026.05.25 17:59:09;Buy;0.1;XAUUSD;4566.89;0.1;2026.05.25 18:05:50;4567;-0.7;;1.1
2026.05.25 18:00:36;Buy;0.1;XAUUSD;4568.23;0.1;2026.05.25 18:05:48;4567;-0.7;;-12.3
2026.05.25 17:49:29;Buy;0.02;XAUUSD;4568.52;0.02;2026.05.25 17:57:34;4565.7;-0.14;;-5.64
2026.05.25 17:30:39;Buy;0.1;XAUUSD;4565.94;0.1;2026.05.25 17:57:33;4565.83;-0.7;;-1.1
2026.05.25 17:02:24;Buy;0.1;XAUUSD;4564.75;0.1;2026.05.25 17:57:32;4565.82;-0.7;;10.7
2026.05.25 17:48:14;Buy;0.1;XAUUSD;4567.55;0.1;2026.05.25 17:48:27;4566.9;-0.7;;-6.5
2026.05.25 17:22:21;Buy;0.1;XAUUSD;4568.84;0.1;2026.05.25 17:28:31;4568.43;-0.7;;-4.1
2026.05.25 17:16:24;Buy;0.1;XAUUSD;4568.01;0.1;2026.05.25 17:21:07;4567.88;-0.7;;-1.3
2026.05.25 16:59:52;Sell;0.1;XAUUSD;4563.15;0.1;2026.05.25 17:01:03;4564.3;-0.7;;-11.5
2026.05.25 16:56:09;Buy;0.1;XAUUSD;4564.94;0.1;2026.05.25 16:59:00;4563.18;-0.7;;-17.6
2026.05.25 16:47:27;Sell;0.01;XAUUSD;4562.08;0.01;2026.05.25 16:55:04;4564.02;-0.08;;-1.94
2026.05.25 16:47:28;Sell;0.01;XAUUSD;4561.94;0.01;2026.05.25 16:55:03;4564.02;-0.08;;-2.08
2026.05.25 16:54:29;Sell;0.1;XAUUSD;4562.56;0.1;2026.05.25 16:55:02;4563.99;-0.7;;-14.3
2026.05.25 16:46:30;Sell;0.1;XAUUSD;4562.98;0.1;2026.05.25 16:55:01;4563.84;-0.7;;-8.6
2026.05.25 16:37:02;Buy;0.1;XAUUSD;4565.24;0.1;2026.05.25 16:46:24;4563.53;-0.7;;-17.1
2026.05.25 16:13:13;Sell;0.1;XAUUSD;4563.38;0.1;2026.05.25 16:34:18;4563.92;-0.7;;-5.4
2026.05.25 16:06:27;Buy;0.1;XAUUSD;4566.9;0.1;2026.05.25 16:12:35;4565.45;-0.7;;-14.5
2026.05.25 15:57:09;Buy;0.02;XAUUSD;4568.33;0.02;2026.05.25 16:04:48;4564.52;-0.14;;-7.62
2026.05.25 15:43:55;Buy;0.02;XAUUSD;4567.22;0.02;2026.05.25 16:01:46;4563.52;-0.14;;-7.4
2026.05.25 15:46:07;Buy;0.02;XAUUSD;4566.97;0.02;2026.05.25 16:01:45;4563.65;-0.14;;-6.64
2026.05.25 15:33:41;Sell;0.01;XAUUSD;4562.95;0.01;2026.05.25 15:40:42;4569.09;-0.08;;-6.14
2026.05.25 15:02:17;Buy;0.01;XAUUSD;4565.24;0.01;2026.05.25 15:30:42;4560.11;-0.08;;-5.13
2026.05.25 15:08:39;Buy;0.02;XAUUSD;4558.67;0.02;2026.05.25 15:30:04;4560.67;-0.14;;4
2026.05.25 15:21:51;Buy;0.1;XAUUSD;4554.15;0.1;2026.05.25 15:23:10;4554.08;-0.7;;-0.7
2026.05.25 15:21:11;Buy;0.1;XAUUSD;4554.26;0.1;2026.05.25 15:21:23;4553.46;-0.7;;-8
2026.05.22 18:11:50;Sell;0.01;XAUUSD;4510.95;0.01;2026.05.22 18:21:11;4515.1;-0.08;;-4.15
2026.05.22 18:10:03;Sell;0.1;XAUUSD;4510.63;0.1;2026.05.22 18:11:27;4511.75;-0.7;;-11.2
2026.05.22 17:55:59;Sell;0.1;XAUUSD;4502.6;0.1;2026.05.22 18:03:23;4503.54;-0.7;;-9.4
2026.05.22 17:53:45;Sell;0.05;XAUUSD;4502.68;0.05;2026.05.22 17:54:07;4504.3;-0.36;;-8.1
2026.05.22 17:52:06;Sell;0.05;XAUUSD;4503.01;0.05;2026.05.22 17:53:57;4504.06;-0.36;;-5.25
2026.05.22 17:44:02;Buy;0.1;XAUUSD;4503.96;0.1;2026.05.22 17:47:10;4506.03;-0.7;;20.7
2026.05.22 17:42:49;Buy;0.1;XAUUSD;4505.02;0.1;2026.05.22 17:43:24;4504.37;-0.7;;-6.5
2026.05.22 17:42:22;Buy;0.1;XAUUSD;4505.41;0.1;2026.05.22 17:42:36;4504.23;-0.7;;-11.8
2026.05.22 17:41:17;Buy;0.1;XAUUSD;4505.31;0.1;2026.05.22 17:42:04;4504.62;-0.7;;-6.9
2026.05.22 17:30:24;Buy;0.1;XAUUSD;4499.07;0.1;2026.05.22 17:33:31;4499.96;-0.7;;8.9
2026.05.22 17:02:58;Sell;0.01;XAUUSD;4505.07;0.01;2026.05.22 17:33:09;4502.07;-0.08;;3
2026.05.22 17:23:02;Sell;0.1;XAUUSD;4497.44;0.1;2026.05.22 17:25:35;4494.04;-0.7;;34
2026.05.22 17:19:08;Sell;0.1;XAUUSD;4495.84;0.1;2026.05.22 17:19:33;4497.62;-0.7;;-17.8
2026.05.22 17:17:33;Sell;0.1;XAUUSD;4495.74;0.1;2026.05.22 17:18:05;4496.7;-0.7;;-9.6
2026.05.22 16:41:29;Sell;0.01;XAUUSD;4515.88;0.01;2026.05.22 17:17:17;4497.44;-0.08;;18.44
2026.05.22 17:16:34;Sell;0.1;XAUUSD;4496.92;0.1;2026.05.22 17:17:14;4496.94;-0.7;;-0.2
2026.05.22 16:59:27;Sell;0.01;XAUUSD;4512.57;0.01;2026.05.22 17:16:27;4498.16;-0.08;;14.41
2026.05.22 16:56:37;Sell;0.01;XAUUSD;4513.62;0.01;2026.05.22 17:16:26;4498.16;-0.08;;15.46
2026.05.22 17:11:04;Sell;0.05;XAUUSD;4509.14;0.05;2026.05.22 17:14:08;4502.87;-0.36;;31.35
2026.05.22 17:08:46;Sell;0.05;XAUUSD;4507.06;0.05;2026.05.22 17:10:14;4510.94;-0.36;;-19.4
2026.05.22 17:06:09;Sell;0.1;XAUUSD;4507.13;0.1;2026.05.22 17:08:26;4508.2;-0.7;;-10.7
2026.05.22 17:03:20;Sell;0.1;XAUUSD;4503.88;0.1;2026.05.22 17:03:32;4505.26;-0.7;;-13.8
2026.05.22 17:02:26;Sell;0.1;XAUUSD;4506.21;0.1;2026.05.22 17:02:40;4506.46;-0.7;;-2.5
2026.05.22 16:37:10;Sell;0.05;XAUUSD;4520.44;0.05;2026.05.22 17:02:09;4508.66;-0.36;;58.9
2026.05.22 16:36:02;Sell;0.05;XAUUSD;4522.12;0.05;2026.05.22 16:53:17;4516.46;-0.36;;28.3
2026.05.22 16:33:54;Sell;0.05;XAUUSD;4520.56;0.05;2026.05.22 16:35:34;4524.42;-0.36;;-19.3
2026.05.22 16:32:16;Buy;0.05;XAUUSD;4526.14;0.05;2026.05.22 16:33:52;4521.78;-0.36;;-21.8
2026.05.22 16:30:07;Sell;0.05;XAUUSD;4520.76;0.05;2026.05.22 16:31:35;4525.09;-0.36;;-21.65
2026.05.22 16:01:04;Buy;0.05;XAUUSD;4525.44;0.05;2026.05.22 16:25:05;4525.01;-0.36;;-2.15
2026.05.22 16:16:53;Buy;0.05;XAUUSD;4529.84;0.05;2026.05.22 16:17:48;4527.14;-0.36;;-13.5
2026.05.22 16:10:27;Buy;0.05;XAUUSD;4531.04;0.05;2026.05.22 16:16:24;4527.5;-0.36;;-17.7
2026.05.22 15:32:16;Sell;0.01;XAUUSD;4520.38;0.01;2026.05.22 15:59:05;4523.12;-0.08;;-2.74
2026.05.22 15:35:28;Sell;0.01;XAUUSD;4517.89;0.01;2026.05.22 15:59:04;4523.08;-0.08;;-5.19
2026.05.22 15:52:30;Sell;0.05;XAUUSD;4521.14;0.05;2026.05.22 15:59:01;4522.73;-0.36;;-7.95
2026.05.22 15:48:50;Sell;0.1;XAUUSD;4518.08;0.1;2026.05.22 15:49:05;4518.76;-0.7;;-6.8
2026.05.22 14:00:51;Sell;0.01;XAUUSD;4515.09;0.01;2026.05.22 15:12:27;4529.8;-0.08;;-14.71
2026.05.22 11:36:24;Sell;0.01;XAUUSD;4518.78;0.01;2026.05.22 13:05:14;4530.45;-0.08;;-11.67
2026.05.22 03:32:44;Buy;0.01;XAUUSD;4537.55;0.01;2026.05.22 08:02:53;4526.4;-0.08;;-11.15
2026.05.20 17:51:42;Buy;0.01;XAUUSD;4522.45;0.01;2026.05.20 17:54:34;4528.69;-0.08;;6.24
2026.05.20 17:46:23;Buy;0.1;XAUUSD;4518.85;0.1;2026.05.20 17:51:31;4522.04;-0.7;;31.9
2026.05.20 17:45:22;Buy;0.1;XAUUSD;4520.87;0.1;2026.05.20 17:45:52;4519.92;-0.7;;-9.5
2026.05.20 17:18:01;Buy;0.05;XAUUSD;4490.36;0.05;2026.05.20 17:18:41;4496.04;-0.36;;28.4
2026.05.20 17:10:35;Sell;0.1;XAUUSD;4475.61;0.1;2026.05.20 17:11:10;4473.56;-0.7;;20.5
2026.05.20 17:10:07;Sell;0.1;XAUUSD;4475.8;0.1;2026.05.20 17:10:14;4476.62;-0.7;;-8.2
2026.05.20 17:08:11;Sell;0.1;XAUUSD;4478.64;0.1;2026.05.20 17:10:04;4476.74;-0.7;;19
2026.05.20 17:04:48;Sell;0.1;XAUUSD;4481.58;0.1;2026.05.20 17:07:46;4480.96;-0.7;;6.2
2026.05.20 16:53:50;Sell;0.1;XAUUSD;4487.48;0.1;2026.05.20 17:04:01;4483.83;-0.7;;36.5
2026.05.20 16:53:05;Sell;0.1;XAUUSD;4487.57;0.1;2026.05.20 16:53:29;4488.97;-0.7;;-14
2026.05.20 16:52:06;Buy;0.1;XAUUSD;4489.37;0.1;2026.05.20 16:52:28;4487.39;-0.7;;-19.8
2026.05.20 16:50:09;Sell;0.05;XAUUSD;4487.13;0.05;2026.05.20 16:52:01;4488.52;-0.36;;-6.95
2026.05.20 16:47:18;Buy;0.05;XAUUSD;4490.24;0.05;2026.05.20 16:49:34;4488.37;-0.36;;-9.35
2026.05.20 16:41:49;Sell;0.05;XAUUSD;4484.8;0.05;2026.05.20 16:43:05;4485.54;-0.36;;-3.7
2026.05.20 16:35:47;Sell;0.05;XAUUSD;4490.54;0.05;2026.05.20 16:40:39;4487.28;-0.36;;16.3
2026.05.20 16:23:01;Sell;0.02;XAUUSD;4496;0.02;2026.05.20 16:35:24;4492.98;-0.14;;6.04
2026.05.20 16:20:09;Sell;0.05;XAUUSD;4498.87;0.05;2026.05.20 16:30:41;4490.534;-0.36;;41.68
2026.05.20 16:25:55;Sell;0.05;XAUUSD;4493.91;0.05;2026.05.20 16:28:57;4492.08;-0.36;;9.15
2026.05.20 16:20:40;Sell;0.05;XAUUSD;4497.06;0.05;2026.05.20 16:28:56;4491.93;-0.36;;25.65
2026.05.20 16:25:30;Sell;0.05;XAUUSD;4493.8;0.05;2026.05.20 16:25:43;4494.82;-0.36;;-5.1
2026.05.20 16:13:51;Buy;0.05;XAUUSD;4500.87;0.05;2026.05.20 16:19:48;4499.12;-0.36;;-8.75
2026.05.20 16:18:34;Buy;0.05;XAUUSD;4502;0.05;2026.05.20 16:19:27;4499.7;-0.36;;-11.5
2026.05.20 16:16:19;Buy;0.05;XAUUSD;4503.43;0.05;2026.05.20 16:18:03;4500.77;-0.36;;-13.3
2026.05.20 16:15:12;Buy;0.05;XAUUSD;4505.42;0.05;2026.05.20 16:15:46;4503.29;-0.36;;-10.65
2026.05.20 16:08:57;Buy;0.05;XAUUSD;4500.16;0.05;2026.05.20 16:12:16;4499.28;-0.36;;-4.4
2026.05.20 16:07:18;Sell;0.05;XAUUSD;4496.68;0.05;2026.05.20 16:08:42;4499.42;-0.36;;-13.7
2026.05.20 16:01:25;Sell;0.05;XAUUSD;4497.02;0.05;2026.05.20 16:02:56;4499.38;-0.36;;-11.8
2026.05.20 15:38:29;Buy;0.02;XAUUSD;4502.52;0.02;2026.05.20 15:52:13;4501.79;-0.14;;-1.46
2026.05.20 15:48:40;Buy;0.05;XAUUSD;4504.45;0.05;2026.05.20 15:50:06;4502.58;-0.36;;-9.35
2026.05.20 15:48:38;Buy;0.05;XAUUSD;4503.72;0.05;2026.05.20 15:49:58;4503.11;-0.36;;-3.05
2026.05.20 15:33:24;Buy;0.02;XAUUSD;4501.32;0.02;2026.05.20 15:47:02;4501.94;-0.14;;1.24
2026.05.20 15:43:11;Buy;0.05;XAUUSD;4502.91;0.05;2026.05.20 15:46:44;4502.68;-0.36;;-1.15
2026.05.20 15:46:20;Buy;0.05;XAUUSD;4503.63;0.05;2026.05.20 15:46:32;4503.07;-0.36;;-2.8
2026.05.20 15:33:03;Buy;0.02;XAUUSD;4500.78;0.02;2026.05.20 15:42:40;4501.73;-0.14;;1.9
2026.05.20 15:40:10;Buy;0.02;XAUUSD;4504.25;0.02;2026.05.20 15:40:45;4502.95;-0.14;;-2.6
2026.05.20 15:36:39;Buy;0.02;XAUUSD;4502.77;0.02;2026.05.20 15:38:04;4501.82;-0.14;;-1.9
2026.05.20 15:31:38;Buy;0.1;XAUUSD;4502.4;0.1;2026.05.20 15:32:36;4501.04;-0.7;;-13.6
2026.05.20 05:20:02;Sell;0.01;XAUUSD;4476.76;0.01;2026.05.20 05:20:59;4480.58;-0.08;;-3.82
2026.05.19 17:55:29;Sell;0.01;XAUUSD;4488.85;0.01;2026.05.19 17:58:21;4493.8;-0.08;;-4.95
2026.05.19 07:50:45;Sell;0.01;XAUUSD;4541.4;0.01;2026.05.19 16:38:23;4483.97;-0.08;;57.43
2026.05.18 14:56:47;Buy;0.01;XAUUSD;4554.33;0.01;2026.05.18 15:44:07;4568.42;-0.08;;14.09
2026.05.18 15:12:24;Buy;0.02;XAUUSD;4554.27;0.02;2026.05.18 15:42:58;4565.62;-0.14;;22.7
2026.05.18 15:22:50;Buy;0.02;XAUUSD;4551.35;0.02;2026.05.18 15:42:45;4566.88;-0.14;;31.06
2026.05.18 15:17:06;Buy;0.02;XAUUSD;4549.56;0.02;2026.05.18 15:36:04;4559.74;-0.14;;20.36
2026.05.18 15:31:28;Buy;0.05;XAUUSD;4552.99;0.05;2026.05.18 15:35:05;4560.29;-0.36;;36.5
2026.05.18 15:34:07;Buy;0.05;XAUUSD;4555.02;0.05;2026.05.18 15:34:45;4559.3;-0.36;;21.4
2026.05.18 15:26:07;Buy;0.05;XAUUSD;4553.12;0.05;2026.05.18 15:29:29;4550.43;-0.36;;-13.45
2026.05.18 15:24:29;Buy;0.05;XAUUSD;4553.03;0.05;2026.05.18 15:25:20;4551.42;-0.36;;-8.05
2026.05.18 15:07:07;Buy;0.1;XAUUSD;4554.45;0.1;2026.05.18 15:11:04;4552.11;-0.7;;-23.4
2026.05.18 01:02:01;Sell;0.01;XAUUSD;4530.7;0.01;2026.05.18 01:08:32;4547.86;-0.08;;-17.16
2026.05.15 17:04:36;Sell;0.01;XAUUSD;4527.15;0.01;2026.05.15 17:04:50;4531.66;-0.08;;-4.51
2026.05.15 17:04:34;Sell;0.01;XAUUSD;4527.91;0.01;2026.05.15 17:04:48;4531.4;-0.08;;-3.49
2026.05.15 16:30:25;Sell;0.01;XAUUSD;4546.44;0.01;2026.05.15 16:41:35;4526.9;-0.08;;19.54
2026.05.15 16:35:51;Sell;0.01;XAUUSD;4539.26;0.01;2026.05.15 16:38:33;4529.88;-0.08;;9.38
2026.05.15 16:32:20;Sell;0.01;XAUUSD;4544.94;0.01;2026.05.15 16:37:35;4531.14;-0.08;;13.8
2026.05.15 16:34:12;Sell;0.01;XAUUSD;4542.94;0.01;2026.05.15 16:37:34;4529.6;-0.08;;13.34
2026.05.15 16:35:16;Sell;0.01;XAUUSD;4541.3;0.01;2026.05.15 16:37:33;4529.72;-0.08;;11.58
2026.05.15 16:36:24;Sell;0.01;XAUUSD;4536.84;0.01;2026.05.15 16:37:33;4529.68;-0.08;;7.16
2026.05.15 16:16:08;Sell;0.01;XAUUSD;4541.99;0.01;2026.05.15 16:16:44;4544.28;-0.08;;-2.29
2026.05.15 16:16:10;Sell;0.01;XAUUSD;4541.77;0.01;2026.05.15 16:16:44;4544.34;-0.08;;-2.57
2026.05.15 16:16:09;Sell;0.01;XAUUSD;4541.58;0.01;2026.05.15 16:16:43;4543.89;-0.08;;-2.31
2026.05.15 16:09:16;Sell;0.01;XAUUSD;4539.04;0.01;2026.05.15 16:14:18;4546.06;-0.08;;-7.02
2026.05.15 16:07:08;Sell;0.01;XAUUSD;4544.87;0.01;2026.05.15 16:14:09;4545.86;-0.08;;-0.99
2026.05.15 16:10:50;Sell;0.01;XAUUSD;4539.27;0.01;2026.05.15 16:14:07;4545.84;-0.08;;-6.57
2026.05.15 16:07:34;Sell;0.01;XAUUSD;4542.86;0.01;2026.05.15 16:12:59;4544.62;-0.08;;-1.76
2026.05.15 16:08:46;Sell;0.01;XAUUSD;4542.17;0.01;2026.05.15 16:12:57;4544.79;-0.08;;-2.62
2026.05.15 16:00:01;Sell;0.01;XAUUSD;4544.36;0.01;2026.05.15 16:05:54;4550.13;-0.08;;-5.77
2026.05.15 16:00:21;Sell;0.1;XAUUSD;4547.6;0.1;2026.05.15 16:05:04;4544.005;-0.71;;35.949999999999996
2026.05.15 15:37:50;Sell;0.01;XAUUSD;4549.92;0.01;2026.05.15 15:47:15;4550.02;-0.08;;-0.1
2026.05.15 15:38:46;Sell;0.05;XAUUSD;4549.31;0.05;2026.05.15 15:43:37;4546.06;-0.36;;16.25
2026.05.15 15:35:15;Sell;0.01;XAUUSD;4548.68;0.01;2026.05.15 15:36:29;4552.94;-0.08;;-4.26
2026.05.15 15:32:01;Sell;0.01;XAUUSD;4549.08;0.01;2026.05.15 15:33:31;4553.85;-0.08;;-4.77
2026.05.14 17:20:44;Buy;0.01;XAUUSD;4698.16;0.01;2026.05.14 17:29:15;4689.85;-0.08;;-8.31
2026.05.14 13:23:30;Buy;0.01;XAUUSD;4696.33;0.01;2026.05.14 16:29:50;4689.48;-0.08;;-6.85
2026.05.14 03:06:55;Buy;0.01;XAUUSD;4695.38;0.01;2026.05.14 12:01:55;4691.08;-0.08;;-4.3
2026.05.13 13:18:28;Buy;0.01;XAUUSD;4701.82;0.01;2026.05.13 13:45:26;4694.52;-0.08;;-7.3
2026.05.11 17:55:25;Sell;0.1;XAUUSD;4727.48;0.1;2026.05.11 17:57:24;4724.71;-0.7;;27.7
2026.05.11 17:53:45;Buy;0.1;XAUUSD;4729.44;0.1;2026.05.11 17:54:34;4728.32;-0.7;;-11.2
2026.05.11 17:49:35;Buy;0.1;XAUUSD;4729.73;0.1;2026.05.11 17:53:22;4727.76;-0.7;;-19.7
2026.05.11 16:35:04;Sell;0.05;XAUUSD;4734.61;0.05;2026.05.11 16:48:49;4740.32;-0.36;;-28.55
2026.05.11 16:46:22;Sell;0.1;XAUUSD;4746.24;0.1;2026.05.11 16:48:06;4739.84;-0.7;;64
2026.05.11 16:42:15;Sell;0.1;XAUUSD;4741.56;0.1;2026.05.11 16:42:28;4743.35;-0.7;;-17.9
2026.05.11 16:38:55;Buy;0.1;XAUUSD;4739.92;0.1;2026.05.11 16:39:13;4738.19;-0.7;;-17.3
2026.05.11 16:37:48;Buy;0.1;XAUUSD;4738.5;0.1;2026.05.11 16:38:32;4737.28;-0.7;;-12.2
2026.05.11 15:30:51;Buy;0.05;XAUUSD;4691.48;0.05;2026.05.11 15:31:40;4695.62;-0.36;;20.7
2026.05.11 15:24:10;Sell;0.05;XAUUSD;4692.27;0.05;2026.05.11 15:24:23;4695.14;-0.36;;-14.35
2026.05.11 15:18:47;Buy;0.02;XAUUSD;4672.69;0.02;2026.05.11 15:21:53;4680.82;-0.14;;16.26
2026.05.11 15:19:48;Buy;0.05;XAUUSD;4671.95;0.05;2026.05.11 15:21:26;4677.92;-0.36;;29.85
2026.05.11 15:05:57;Buy;0.1;XAUUSD;4669.46;0.1;2026.05.11 15:09:34;4669.42;-0.7;;-0.4
2026.05.11 15:03:38;Buy;0.1;XAUUSD;4673.85;0.1;2026.05.11 15:04:07;4672.38;-0.7;;-14.7
2026.05.11 01:24:32;Buy;0.1;XAUUSD;4689.59;0.1;2026.05.11 01:28:44;4694.99;-0.7;;54
2026.05.11 01:23:45;Sell;0.01;XAUUSD;4686.34;0.01;2026.05.11 01:24:24;4689.1;-0.08;;-2.76
2026.05.11 01:23:44;Sell;0.01;XAUUSD;4686.23;0.01;2026.05.11 01:24:24;4689.25;-0.08;;-3.02
2026.05.11 01:23:44;Sell;0.01;XAUUSD;4686.23;0.01;2026.05.11 01:24:21;4688.73;-0.08;;-2.5
2026.05.11 01:23:43;Sell;0.01;XAUUSD;4686.22;0.01;2026.05.11 01:24:19;4688.75;-0.08;;-2.5300000000000002
2026.05.11 01:20:54;Buy;0.01;XAUUSD;4688.68;0.01;2026.05.11 01:23:40;4686.81;-0.08;;-1.87
2026.05.11 01:20:56;Buy;0.01;XAUUSD;4688.79;0.01;2026.05.11 01:23:40;4686.76;-0.08;;-2.03
2026.05.11 01:20:56;Buy;0.01;XAUUSD;4688.79;0.01;2026.05.11 01:23:39;4686.85;-0.08;;-1.94
2026.05.11 01:13:22;Sell;0.01;XAUUSD;4690.15;0.01;2026.05.11 01:20:47;4688.85;-0.08;;1.3
2026.05.11 01:18:33;Sell;0.01;XAUUSD;4685.12;0.01;2026.05.11 01:20:46;4688.88;-0.08;;-3.76
2026.05.11 01:18:34;Sell;0.01;XAUUSD;4685.11;0.01;2026.05.11 01:20:30;4687.04;-0.08;;-1.9300000000000002
2026.05.11 01:18:35;Sell;0.01;XAUUSD;4684.61;0.01;2026.05.11 01:20:30;4687.04;-0.08;;-2.43
2026.05.11 01:05:37;Buy;0.01;XAUUSD;4686.98;0.01;2026.05.11 01:06:01;4682.6;-0.08;;-4.38
2026.05.11 01:02:04;Sell;0.01;XAUUSD;4691.8;0.01;2026.05.11 01:03:41;4681.41;-0.08;;10.39
2026.05.08 19:08:53;Sell;0.02;XAUUSD;4707.53;0.02;2026.05.08 19:10:23;4710.2;-0.14;;-5.34
2026.05.08 19:08:55;Sell;0.02;XAUUSD;4707.49;0.02;2026.05.08 19:10:21;4709.81;-0.14;;-4.64
2026.05.08 19:03:30;Sell;0.01;XAUUSD;4706.53;0.01;2026.05.08 19:05:56;4711.65;-0.08;;-5.12
2026.05.08 19:03:32;Sell;0.01;XAUUSD;4706.31;0.01;2026.05.08 19:05:55;4712.09;-0.08;;-5.78
2026.05.08 19:03:31;Sell;0.01;XAUUSD;4706.26;0.01;2026.05.08 19:05:54;4711.29;-0.08;;-5.03
2026.05.08 19:03:41;Sell;0.01;XAUUSD;4705.86;0.01;2026.05.08 19:05:54;4710.52;-0.08;;-4.66
2026.05.08 19:04:13;Sell;0.01;XAUUSD;4705.81;0.01;2026.05.08 19:05:53;4709.72;-0.08;;-3.91
2026.05.08 19:01:32;Sell;0.01;XAUUSD;4707.42;0.01;2026.05.08 19:02:52;4709.71;-0.08;;-2.29
2026.05.08 16:17:47;Buy;0.01;XAUUSD;4725.1;0.01;2026.05.08 16:34:02;4742.3;-0.08;;17.2
2026.05.08 16:17:16;Buy;0.01;XAUUSD;4723.66;0.01;2026.05.08 16:32:26;4738.98;-0.08;;15.32
2026.05.08 16:16:49;Buy;0.01;XAUUSD;4722.89;0.01;2026.05.08 16:31:17;4736.2;-0.08;;13.31
2026.05.08 16:15:58;Buy;0.01;XAUUSD;4721.14;0.01;2026.05.08 16:31:10;4735.77;-0.08;;14.63
2026.05.05 16:29:18;Sell;0.01;XAUUSD;4576.74;0.01;2026.05.05 17:05:06;4579.79;-0.08;;-3.05
2026.05.05 13:17:57;Sell;0.01;XAUUSD;4553.88;0.01;2026.05.05 14:24:39;4554.6;-0.08;;-0.72
2026.05.04 17:27:16;Buy;0.01;XAUUSD;4575.51;0.01;2026.05.04 17:41:05;4581.08;-0.08;;5.57
2026.05.04 17:18:26;Buy;0.01;XAUUSD;4567.34;0.01;2026.05.04 17:39:35;4578.84;-0.08;;11.5
2026.05.04 17:34:43;Buy;0.01;XAUUSD;4576.27;0.01;2026.05.04 17:39:34;4579.04;-0.08;;2.77
2026.05.04 17:34:51;Buy;0.01;XAUUSD;4576.38;0.01;2026.05.04 17:39:33;4579.02;-0.08;;2.64
2026.05.04 17:37:18;Buy;0.01;XAUUSD;4578.48;0.01;2026.05.04 17:39:33;4578.74;-0.08;;0.26
2026.05.04 17:30:09;Buy;0.01;XAUUSD;4572.02;0.01;2026.05.04 17:32:02;4578.03;-0.08;;6.01
2026.05.04 17:30:11;Buy;0.01;XAUUSD;4573;0.01;2026.05.04 17:31:59;4578.14;-0.08;;5.14
2026.05.04 17:17:51;Buy;0.01;XAUUSD;4567.8;0.01;2026.05.04 17:23:01;4580.77;-0.08;;12.97
2026.05.04 17:17:33;Buy;0.01;XAUUSD;4567.89;0.01;2026.05.04 17:22:45;4580.47;-0.08;;12.58
2026.05.04 17:04:38;Sell;0.01;XAUUSD;4559.54;0.01;2026.05.04 17:13:36;4562.51;-0.08;;-2.9699999999999998
2026.05.04 17:04:37;Sell;0.01;XAUUSD;4560;0.01;2026.05.04 17:13:11;4561.9;-0.08;;-1.9
2026.05.04 17:04:38;Sell;0.01;XAUUSD;4560;0.01;2026.05.04 17:13:11;4562.23;-0.08;;-2.23
2026.05.04 17:02:01;Sell;0.01;XAUUSD;4562.44;0.01;2026.05.04 17:13:09;4562.33;-0.08;;0.11
2026.05.04 16:57:12;Sell;0.01;XAUUSD;4562.59;0.01;2026.05.04 16:58:34;4565.55;-0.08;;-2.96
2026.05.04 16:57:07;Sell;0.01;XAUUSD;4562.91;0.01;2026.05.04 16:58:33;4565.47;-0.08;;-2.56
2026.05.04 16:57:11;Sell;0.01;XAUUSD;4562.64;0.01;2026.05.04 16:58:33;4565.47;-0.08;;-2.83
2026.05.04 16:53:06;Sell;0.01;XAUUSD;4560.83;0.01;2026.05.04 16:55:41;4565.16;-0.08;;-4.33
2026.05.04 16:46:53;Sell;0.01;XAUUSD;4564.67;0.01;2026.05.04 16:55:13;4563.68;-0.08;;0.99
2026.05.04 16:46:53;Sell;0.01;XAUUSD;4564.44;0.01;2026.05.04 16:55:10;4564.73;-0.08;;-0.29
2026.05.04 16:53:07;Sell;0.01;XAUUSD;4560.87;0.01;2026.05.04 16:55:09;4565.03;-0.08;;-4.16
2026.05.04 16:53:07;Sell;0.01;XAUUSD;4560.85;0.01;2026.05.04 16:55:09;4565.05;-0.08;;-4.2
2026.05.04 16:43:38;Sell;0.01;XAUUSD;4564.32;0.01;2026.05.04 16:55:06;4564.84;-0.08;;-0.52
2026.05.04 16:46:55;Sell;0.01;XAUUSD;4564.01;0.01;2026.05.04 16:52:51;4565;-0.08;;-0.99
2026.05.04 16:43:37;Sell;0.01;XAUUSD;4563.73;0.01;2026.05.04 16:52:50;4565.61;-0.08;;-1.88
2026.05.04 16:41:55;Buy;0.01;XAUUSD;4568.36;0.01;2026.05.04 16:42:46;4563.08;-0.08;;-5.28
2026.05.04 16:41:52;Buy;0.01;XAUUSD;4568.91;0.01;2026.05.04 16:42:46;4562.98;-0.08;;-5.93
2026.05.04 16:42:20;Buy;0.01;XAUUSD;4569.3;0.01;2026.05.04 16:42:45;4563.23;-0.08;;-6.07
2026.05.04 16:28:25;Sell;0.01;XAUUSD;4563.9;0.01;2026.05.04 16:33:44;4568.86;-0.08;;-4.96
2026.04.28 15:03:16;Buy;0.01;XAUUSD;4566.55;0.01;2026.04.28 15:12:00;4575.42;-0.08;;8.87
2026.04.28 14:41:55;Buy;0.01;XAUUSD;4572.69;0.01;2026.04.28 15:11:58;4576.2;-0.08;;3.51
2026.04.27 15:02:26;Sell;0.01;XAUUSD;4703.35;0.01;2026.04.27 18:05:22;4668.95;-0.08;;34.4
2026.04.17 15:01:04;Buy;0.01;XAUUSD;4800.4;0.01;2026.04.17 15:44:37;4822.96;-0.08;;22.56
2026.04.13 01:10:22;Buy;0.01;XAUUSD;4672.46;0.01;2026.04.13 02:52:50;4670.46;-0.08;;-2
2026.04.13 02:29:42;Buy;0.01;XAUUSD;4654.11;0.01;2026.04.13 02:52:49;4670.49;-0.08;;16.38
2026.04.13 02:01:08;Buy;0.01;XAUUSD;4657.84;0.01;2026.04.13 02:06:08;4656.45;-0.08;;-1.3900000000000001
2026.04.13 02:01:09;Buy;0.01;XAUUSD;4658.2;0.01;2026.04.13 02:06:08;4656.45;-0.08;;-1.75
2026.04.13 02:01:12;Buy;0.01;XAUUSD;4658.4;0.01;2026.04.13 02:06:06;4656.45;-0.08;;-1.95
2026.04.13 02:01:13;Buy;0.01;XAUUSD;4658.5;0.01;2026.04.13 02:06:06;4656.49;-0.08;;-2.01
2026.04.13 02:02:40;Buy;0.01;XAUUSD;4659.75;0.01;2026.04.13 02:06:05;4656.54;-0.08;;-3.21
2026.04.13 02:02:38;Buy;0.01;XAUUSD;4659.8;0.01;2026.04.13 02:06:04;4656.48;-0.08;;-3.32
2026.04.13 01:56:35;Buy;0.01;XAUUSD;4658.83;0.01;2026.04.13 02:00:20;4653.53;-0.08;;-5.3
2026.04.13 01:55:28;Buy;0.01;XAUUSD;4656.9;0.01;2026.04.13 02:00:16;4654.1;-0.08;;-2.8
2026.04.13 01:55:37;Buy;0.01;XAUUSD;4657.38;0.01;2026.04.13 02:00:15;4654.05;-0.08;;-3.33
2026.04.13 01:56:26;Buy;0.01;XAUUSD;4658.48;0.01;2026.04.13 02:00:14;4654.06;-0.08;;-4.42
2026.04.13 01:52:44;Buy;0.01;XAUUSD;4657.24;0.01;2026.04.13 01:54:33;4654.84;-0.08;;-2.4
2026.04.13 01:52:46;Buy;0.01;XAUUSD;4657.35;0.01;2026.04.13 01:54:32;4655.47;-0.08;;-1.88
2026.04.13 01:52:45;Buy;0.01;XAUUSD;4657.36;0.01;2026.04.13 01:54:30;4655.56;-0.08;;-1.8
2026.04.13 01:51:04;Buy;0.01;XAUUSD;4657.92;0.01;2026.04.13 01:52:08;4655.28;-0.08;;-2.64
2026.04.13 01:51:05;Buy;0.01;XAUUSD;4658.06;0.01;2026.04.13 01:52:06;4654.98;-0.08;;-3.08
2026.04.13 01:51:09;Buy;0.01;XAUUSD;4658.65;0.01;2026.04.13 01:52:05;4655;-0.08;;-3.65
2026.04.13 01:31:05;Buy;0.01;XAUUSD;4649.84;0.01;2026.04.13 01:47:54;4652.32;-0.08;;2.48
2026.04.13 01:36:16;Buy;0.01;XAUUSD;4655.44;0.01;2026.04.13 01:47:54;4652.39;-0.08;;-3.05
2026.04.10 18:32:55;Sell;0.01;XAUUSD;4775.2;0.01;2026.04.10 18:40:47;4765.24;-0.08;;9.96
2026.04.10 18:32:54;Sell;0.01;XAUUSD;4775.58;0.01;2026.04.10 18:38:09;4765.24;-0.08;;10.34
2026.04.10 16:04:18;Sell;0.01;XAUUSD;4768.41;0.01;2026.04.10 16:04:43;4770.75;-0.08;;-2.34
2026.04.10 15:51:38;Sell;0.01;XAUUSD;4767.74;0.01;2026.04.10 16:02:18;4773.29;-0.08;;-5.55
2026.04.07 19:02:39;Buy;0.01;XAUUSD;4659.29;0.01;2026.04.07 22:55:48;4698.2;-0.08;;38.91
2026.04.07 19:02:05;Buy;0.01;XAUUSD;4656.04;0.01;2026.04.07 21:16:00;4683.18;-0.08;;27.14
2026.04.02 15:42:40;Buy;0.01;XAUUSD;4620.51;0.01;2026.04.02 15:57:01;4611.48;-0.08;;-9.03
2026.04.02 09:56:54;Sell;0.01;XAUUSD;4595.25;0.01;2026.04.02 15:29:04;4626.18;-0.08;;-30.93
2026.04.02 10:16:14;Sell;0.01;XAUUSD;4620.41;0.01;2026.04.02 14:44:21;4599.4;-0.08;;21.01
2026.03.31 15:32:34;Buy;0.01;XAUUSD;4582.15;0.01;2026.03.31 15:43:37;4579.31;-0.08;;-2.84
2026.03.31 15:03:44;Buy;0.01;XAUUSD;4586.35;0.01;2026.03.31 15:10:50;4582.26;-0.08;;-4.09
2026.03.30 17:44:13;Sell;0.01;XAUUSD;4523.2;0.01;2026.03.30 17:46:55;4529.26;-0.08;;-6.06
2026.03.30 17:00:50;Sell;0.01;XAUUSD;4526.58;0.01;2026.03.30 17:10:16;4529.12;-0.08;;-2.54
2026.03.30 16:27:25;Buy;0.01;XAUUSD;4568.18;0.01;2026.03.30 16:34:44;4560.4;-0.08;;-7.78
2026.03.30 15:56:55;Buy;0.01;XAUUSD;4573.22;0.01;2026.03.30 15:59:57;4569.28;-0.08;;-3.94
2026.03.27 17:34:58;Buy;0.01;XAUUSD;4463.71;0.01;2026.03.27 17:35:28;4458.3;-0.08;;-5.41
2026.03.27 16:59:34;Buy;0.01;XAUUSD;4433.05;0.01;2026.03.27 17:03:55;4455.07;-0.08;;22.02
2026.03.27 16:51:02;Buy;0.01;XAUUSD;4430.16;0.01;2026.03.27 16:55:03;4424.65;-0.08;;-5.51
2026.03.26 17:59:54;Buy;0.01;XAUUSD;4466.91;0.01;2026.03.26 18:02:47;4460.92;-0.08;;-5.99
2026.03.25 03:15:57;Sell;0.01;XAUUSD;4544.16;0.01;2026.03.25 03:26:13;4550.56;-0.08;;-6.4
2026.03.25 03:07:57;Sell;0.01;XAUUSD;4543.33;0.01;2026.03.25 03:10:42;4551.81;-0.08;;-8.48
2026.03.23 14:33:08;Buy;0.01;XAUUSD;4409.01;0.01;2026.03.23 14:40:05;4402.65;-0.08;;-6.36
2026.03.23 14:07:56;Sell;0.01;XAUUSD;4417.28;0.01;2026.03.23 14:08:17;4389;-0.08;;28.28
2026.03.23 10:27:20;Buy;0.01;XAUUSD;4135.95;0.01;2026.03.23 10:36:50;4180.28;-0.08;;44.33
2026.03.20 21:56:19;Buy;0.01;XAUUSD;4484.45;0.01;2026.03.20 21:59:55;4499.97;-0.08;;15.52
2026.03.19 15:10:01;Buy;0.01;XAUUSD;4629.59;0.01;2026.03.19 16:54:02;4591.53;-0.08;;-38.06
2026.03.19 15:47:39;Buy;0.01;XAUUSD;4551.28;0.01;2026.03.19 16:54:01;4591.4;-0.08;;40.12
2026.03.19 16:51:17;Buy;0.01;XAUUSD;4571.68;0.01;2026.03.19 16:53:41;4587.97;-0.08;;16.29
2026.03.19 16:17:05;Buy;0.01;XAUUSD;4550.75;0.01;2026.03.19 16:29:59;4576.51;-0.08;;25.76
2026.03.19 16:18:29;Buy;0.01;XAUUSD;4558.01;0.01;2026.03.19 16:20:42;4574.14;-0.08;;16.13
2026.03.19 11:43:42;Buy;0.01;XAUUSD;4696.59;0.01;2026.03.19 11:45:35;4689.54;-0.08;;-7.05
2026.03.19 11:08:37;Buy;0.01;XAUUSD;4719.05;0.01;2026.03.19 11:21:42;4733.86;-0.08;;14.81
2026.03.19 11:16:45;Buy;0.01;XAUUSD;4726.62;0.01;2026.03.19 11:20:49;4734.75;-0.08;;8.13
2026.03.18 23:31:12;Buy;0.01;XAUUSD;4812.15;0.01;2026.03.19 01:02:04;4830.9;-0.08;-1.85;18.75
2026.03.18 19:53:19;Balance;;;;;;;;;1000
